-6.850000e-01 -1.620000e+00 -2.987441e-01 -4.135199e-01 -6.900000e-01 -1.615000e+00 -2.977284e-01 -4.111136e-01
-6.850000e-01 -1.620000e+00 -2.987441e-01 -4.135199e-01 -6.750000e-01 -1.620000e+00 -2.971909e-01 -4.099300e-01
-6.750000e-01 -1.620000e+00 -2.971909e-01 -4.099300e-01 -6.650000e-01 -1.620000e+00 -2.956766e-01 -4.063755e-01
-6.650000e-01 -1.620000e+00 -2.956766e-01 -4.063755e-01 -6.550000e-01 -1.620000e+00 -2.942006e-01 -4.028574e-01
-6.550000e-01 -1.620000e+00 -2.942006e-01 -4.028574e-01 -6.450000e-01 -1.620000e+00 -2.927620e-01 -3.993765e-01
-6.450000e-01 -1.620000e+00 -2.927620e-01 -3.993765e-01 -6.350000e-01 -1.620000e+00 -2.913601e-01 -3.959333e-01
-6.350000e-01 -1.620000e+00 -2.913601e-01 -3.959333e-01 -6.250000e-01 -1.620000e+00 -2.899939e-01 -3.925289e-01
-6.250000e-01 -1.620000e+00 -2.899939e-01 -3.925289e-01 -6.150000e-01 -1.620000e+00 -2.886627e-01 -3.891640e-01
-6.150000e-01 -1.620000e+00 -2.886627e-01 -3.891640e-01 -6.050000e-01 -1.620000e+00 -2.873655e-01 -3.858392e-01
-6.050000e-01 -1.620000e+00 -2.873655e-01 -3.858392e-01 -5.950000e-01 -1.620000e+00 -2.861015e-01 -3.825556e-01
-5.950000e-01 -1.620000e+00 -2.861015e-01 -3.825556e-01 -5.900000e-01 -1.615000e+00 -2.838647e-01 -3.765339e-01
-7.750000e-01 -1.610000e+00 -3.106938e-01 -4.391862e-01 -7.800000e-01 -1.605000e+00 -3.097029e-01 -4.371183e-01
-7.750000e-01 -1.610000e+00 -3.106938e-01 -4.391862e-01 -7.650000e-01 -1.610000e+00 -3.087850e-01 -4.352763e-01
-7.650000e-01 -1.610000e+00 -3.087850e-01 -4.352763e-01 -7.550000e-01 -1.610000e+00 -3.069222e-01 -4.313943e-01
-7.550000e-01 -1.610000e+00 -3.069222e-01 -4.313943e-01 -7.450000e-01 -1.610000e+00 -3.051049e-01 -4.275412e-01
-7.450000e-01 -1.610000e+00 -3.051049e-01 -4.275412e-01 -7.350000e-01 -1.610000e+00 -3.033323e-01 -4.237178e-01
-7.350000e-01 -1.610000e+00 -3.033323e-01 -4.237178e-01 -7.250000e-01 -1.610000e+00 -3.016039e-01 -4.199251e-01
-7.250000e-01 -1.610000e+00 -3.016039e-01 -4.199251e-01 -7.150000e-01 -1.610000e+00 -2.999190e-01 -4.161638e-01
-7.150000e-01 -1.610000e+00 -2.999190e-01 -4.161638e-01 -7.050000e-01 -1.610000e+00 -2.982769e-01 -4.124347e-01
-7.050000e-01 -1.610000e+00 -2.982769e-01 -4.124347e-01 -6.950000e-01 -1.610000e+00 -2.966768e-01 -4.087390e-01
-6.900000e-01 -1.615000e+00 -2.977284e-01 -4.111136e-01 -6.950000e-01 -1.610000e+00 -2.966768e-01 -4.087390e-01
-5.900000e-01 -1.615000e+00 -2.838647e-01 -3.765339e-01 -5.850000e-01 -1.610000e+00 -2.816311e-01 -3.705047e-01
-5.850000e-01 -1.610000e+00 -2.816311e-01 -3.705047e-01 -5.750000e-01 -1.610000e+00 -2.804737e-01 -3.672696e-01
-5.750000e-01 -1.610000e+00 -2.804737e-01 -3.672696e-01 -5.650000e-01 -1.610000e+00 -2.793473e-01 -3.640779e-01
-5.650000e-01 -1.610000e+00 -2.793473e-01 -3.640779e-01 -5.550000e-01 -1.610000e+00 -2.782512e-01 -3.609304e-01
-5.550000e-01 -1.610000e+00 -2.782512e-01 -3.609304e-01 -5.450000e-01 -1.610000e+00 -2.771844e-01 -3.578278e-01
-5.450000e-01 -1.610000e+00 -2.771844e-01 -3.578278e-01 -5.350000e-01 -1.610000e+00 -2.761456e-01 -3.547708e-01
-5.350000e-01 -1.610000e+00 -2.761456e-01 -3.547708e-01 -5.250000e-01 -1.610000e+00 -2.751342e-01 -3.517599e-01
-5.250000e-01 -1.610000e+00 -2.751342e-01 -3.517599e-01 -5.150000e-01 -1.610000e+00 -2.741489e-01 -3.487960e-01
-5.150000e-01 -1.610000e+00 -2.741489e-01 -3.487960e-01 -5.050000e-01 -1.610000e+00 -2.731888e-01 -3.458797e-01
-5.050000e-01 -1.610000e+00 -2.731888e-01 -3.458797e-01 -5.000000e-01 -1.605000e+00 -2.712868e-01 -3.398994e-01
-8.250000e-01 -1.600000e+00 -3.168802e-01 -4.512372e-01 -8.300000e-01 -1.595000e+00 -3.159186e-01 -4.493583e-01
-8.250000e-01 -1.600000e+00 -3.168802e-01 -4.512372e-01 -8.150000e-01 -1.600000e+00 -3.147563e-01 -4.471627e-01
-8.150000e-01 -1.600000e+00 -3.147563e-01 -4.471627e-01 -8.050000e-01 -1.600000e+00 -3.126819e-01 -4.431118e-01
-8.050000e-01 -1.600000e+00 -3.126819e-01 -4.431118e-01 -7.950000e-01 -1.600000e+00 -3.106567e-01 -4.390853e-01
-7.950000e-01 -1.600000e+00 -3.106567e-01 -4.390853e-01 -7.850000e-01 -1.600000e+00 -3.086799e-01 -4.350844e-01
-7.800000e-01 -1.605000e+00 -3.097029e-01 -4.371183e-01 -7.850000e-01 -1.600000e+00 -3.086799e-01 -4.350844e-01
-5.000000e-01 -1.605000e+00 -2.712868e-01 -3.398994e-01 -4.950000e-01 -1.600000e+00 -2.693925e-01 -3.339106e-01
-4.950000e-01 -1.600000e+00 -2.693925e-01 -3.339106e-01 -4.850000e-01 -1.600000e+00 -2.685290e-01 -3.310584e-01
-4.850000e-01 -1.600000e+00 -2.685290e-01 -3.310584e-01 -4.750000e-01 -1.600000e+00 -2.676880e-01 -3.282560e-01
-4.750000e-01 -1.600000e+00 -2.676880e-01 -3.282560e-01 -4.650000e-01 -1.600000e+00 -2.668687e-01 -3.255042e-01
-4.650000e-01 -1.600000e+00 -2.668687e-01 -3.255042e-01 -4.550000e-01 -1.600000e+00 -2.660697e-01 -3.228034e-01
-4.550000e-01 -1.600000e+00 -2.660697e-01 -3.228034e-01 -4.450000e-01 -1.600000e+00 -2.652901e-01 -3.201543e-01
-4.450000e-01 -1.600000e+00 -2.652901e-01 -3.201543e-01 -4.400000e-01 -1.595000e+00 -2.636110e-01 -3.142209e-01
-8.650000e-01 -1.590000e+00 -3.216925e-01 -4.600452e-01 -8.700000e-01 -1.585000e+00 -3.207643e-01 -4.583166e-01
-8.650000e-01 -1.590000e+00 -3.216925e-01 -4.600452e-01 -8.550000e-01 -1.590000e+00 -3.193854e-01 -4.558482e-01
-8.550000e-01 -1.590000e+00 -3.193854e-01 -4.558482e-01 -8.450000e-01 -1.590000e+00 -3.171304e-01 -4.516710e-01
-8.450000e-01 -1.590000e+00 -3.171304e-01 -4.516710e-01 -8.350000e-01 -1.590000e+00 -3.149273e-01 -4.475146e-01
-8.300000e-01 -1.595000e+00 -3.159186e-01 -4.493583e-01 -8.350000e-01 -1.590000e+00 -3.149273e-01 -4.475146e-01
-4.400000e-01 -1.595000e+00 -2.636110e-01 -3.142209e-01 -4.350000e-01 -1.590000e+00 -2.619427e-01 -3.082784e-01
-4.350000e-01 -1.590000e+00 -2.619427e-01 -3.082784e-01 -4.250000e-01 -1.590000e+00 -2.612516e-01 -3.057037e-01
-4.250000e-01 -1.590000e+00 -2.612516e-01 -3.057037e-01 -4.150000e-01 -1.590000e+00 -2.605770e-01 -3.031826e-01
-4.150000e-01 -1.590000e+00 -2.605770e-01 -3.031826e-01 -4.050000e-01 -1.590000e+00 -2.599177e-01 -3.007158e-01
-4.050000e-01 -1.590000e+00 -2.599177e-01 -3.007158e-01 -3.950000e-01 -1.590000e+00 -2.592726e-01 -2.983038e-01
-3.950000e-01 -1.590000e+00 -2.592726e-01 -2.983038e-01 -3.900000e-01 -1.585000e+00 -2.577782e-01 -2.924219e-01
-8.950000e-01 -1.580000e+00 -3.246525e-01 -4.651833e-01 -9.000000e-01 -1.575000e+00 -3.237521e-01 -4.635713e-01
-8.950000e-01 -1.580000e+00 -3.246525e-01 -4.651833e-01 -8.850000e-01 -1.580000e+00 -3.222034e-01 -4.608951e-01
-8.850000e-01 -1.580000e+00 -3.222034e-01 -4.608951e-01 -8.750000e-01 -1.580000e+00 -3.198085e-01 -4.566241e-01
-8.700000e-01 -1.585000e+00 -3.207643e-01 -4.583166e-01 -8.750000e-01 -1.580000e+00 -3.198085e-01 -4.566241e-01
-3.900000e-01 -1.585000e+00 -2.577782e-01 -2.924219e-01 -3.850000e-01 -1.580000e+00 -2.562972e-01 -2.865310e-01
-3.850000e-01 -1.580000e+00 -2.562972e-01 -2.865310e-01 -3.750000e-01 -1.580000e+00 -2.557330e-01 -2.842017e-01
-3.750000e-01 -1.580000e+00 -2.557330e-01 -2.842017e-01 -3.650000e-01 -1.580000e+00 -2.551799e-01 -2.819291e-01
-3.650000e-01 -1.580000e+00 -2.551799e-01 -2.819291e-01 -3.550000e-01 -1.580000e+00 -2.546367e-01 -2.797136e-01
-3.550000e-01 -1.580000e+00 -2.546367e-01 -2.797136e-01 -3.500000e-01 -1.575000e+00 -2.532905e-01 -2.738807e-01
-9.150000e-01 -1.570000e+00 -3.253691e-01 -4.663518e-01 -9.200000e-01 -1.565000e+00 -3.244837e-01 -4.648271e-01
-9.150000e-01 -1.570000e+00 -3.253691e-01 -4.663518e-01 -9.050000e-01 -1.570000e+00 -3.228257e-01 -4.619958e-01
-9.000000e-01 -1.575000e+00 -3.237521e-01 -4.635713e-01 -9.050000e-01 -1.570000e+00 -3.228257e-01 -4.619958e-01
-3.500000e-01 -1.575000e+00 -2.532905e-01 -2.738807e-01 -3.450000e-01 -1.570000e+00 -2.519598e-01 -2.680388e-01
-3.450000e-01 -1.570000e+00 -2.519598e-01 -2.680388e-01 -3.350000e-01 -1.570000e+00 -2.514910e-01 -2.659125e-01
-3.350000e-01 -1.570000e+00 -2.514910e-01 -2.659125e-01 -3.250000e-01 -1.570000e+00 -2.510289e-01 -2.638450e-01
-3.250000e-01 -1.570000e+00 -2.510289e-01 -2.638450e-01 -3.200000e-01 -1.565000e+00 -2.497964e-01 -2.580523e-01
-9.450000e-01 -1.560000e+00 -3.289155e-01 -4.721902e-01 -9.500000e-01 -1.555000e+00 -3.280725e-01 -4.707741e-01
-9.450000e-01 -1.560000e+00 -3.289155e-01 -4.721902e-01 -9.350000e-01 -1.560000e+00 -3.262159e-01 -4.677587e-01
-9.350000e-01 -1.560000e+00 -3.262159e-01 -4.677587e-01 -9.250000e-01 -1.560000e+00 -3.235734e-01 -4.633394e-01
-9.200000e-01 -1.565000e+00 -3.244837e-01 -4.648271e-01 -9.250000e-01 -1.560000e+00 -3.235734e-01 -4.633394e-01
-3.200000e-01 -1.565000e+00 -2.497964e-01 -2.580523e-01 -3.150000e-01 -1.560000e+00 -2.485812e-01 -2.522510e-01
-3.150000e-01 -1.560000e+00 -2.485812e-01 -2.522510e-01 -3.050000e-01 -1.560000e+00 -2.481885e-01 -2.502777e-01
-3.050000e-01 -1.560000e+00 -2.481885e-01 -2.502777e-01 -2.950000e-01 -1.560000e+00 -2.477991e-01 -2.483651e-01
-2.950000e-01 -1.560000e+00 -2.477991e-01 -2.483651e-01 -2.900000e-01 -1.555000e+00 -2.466794e-01 -2.426177e-01
-9.650000e-01 -1.550000e+00 -3.300110e-01 -4.738837e-01 -9.700000e-01 -1.545000e+00 -3.291936e-01 -4.725496e-01
-9.650000e-01 -1.550000e+00 -3.300110e-01 -4.738837e-01 -9.550000e-01 -1.550000e+00 -3.272066e-01 -4.693954e-01
-9.500000e-01 -1.555000e+00 -3.280725e-01 -4.707741e-01 -9.550000e-01 -1.550000e+00 -3.272066e-01 -4.693954e-01
-2.900000e-01 -1.555000e+00 -2.466794e-01 -2.426177e-01 -2.850000e-01 -1.550000e+00 -2.455786e-01 -2.368618e-01
-2.850000e-01 -1.550000e+00 -2.455786e-01 -2.368618e-01 -2.750000e-01 -1.550000e+00 -2.452533e-01 -2.350481e-01
-2.750000e-01 -1.550000e+00 -2.452533e-01 -2.350481e-01 -2.650000e-01 -1.550000e+00 -2.449277e-01 -2.332967e-01
-2.650000e-01 -1.550000e+00 -2.449277e-01 -2.332967e-01 -2.600000e-01 -1.545000e+00 -2.439195e-01 -2.275997e-01
-9.850000e-01 -1.540000e+00 -3.312678e-01 -4.757932e-01 -9.900000e-01 -1.535000e+00 -3.304804e-01 -4.745385e-01
-9.850000e-01 -1.540000e+00 -3.312678e-01 -4.757932e-01 -9.750000e-01 -1.540000e+00 -3.283545e-01 -4.712528e-01
-9.700000e-01 -1.545000e+00 -3.291936e-01 -4.725496e-01 -9.750000e-01 -1.540000e+00 -3.283545e-01 -4.712528e-01
-2.600000e-01 -1.545000e+00 -2.439195e-01 -2.275997e-01 -2.550000e-01 -1.540000e+00 -2.429317e-01 -2.218945e-01
-2.550000e-01 -1.540000e+00 -2.429317e-01 -2.218945e-01 -2.450000e-01 -1.540000e+00 -2.426645e-01 -2.202468e-01
-2.450000e-01 -1.540000e+00 -2.426645e-01 -2.202468e-01 -2.350000e-01 -1.540000e+00 -2.423932e-01 -2.186627e-01
-2.350000e-01 -1.540000e+00 -2.423932e-01 -2.186627e-01 -2.300000e-01 -1.535000e+00 -2.414947e-01 -2.130213e-01
-1.005000e+00 -1.530000e+00 -3.326989e-01 -4.779091e-01 -1.010000e+00 -1.525000e+00 -3.319457e-01 -4.767312e-01
-1.005000e+00 -1.530000e+00 -3.326989e-01 -4.779091e-01 -9.950000e-01 -1.530000e+00 -3.296727e-01 -4.733215e-01
-9.900000e-01 -1.535000e+00 -3.304804e-01 -4.745385e-01 -9.950000e-01 -1.530000e+00 -3.296727e-01 -4.733215e-01
-2.300000e-01 -1.535000e+00 -2.414947e-01 -2.130213e-01 -2.250000e-01 -1.530000e+00 -2.406182e-01 -2.073723e-01
-2.250000e-01 -1.530000e+00 -2.406182e-01 -2.073723e-01 -2.150000e-01 -1.530000e+00 -2.403992e-01 -2.058964e-01
-2.150000e-01 -1.530000e+00 -2.403992e-01 -2.058964e-01 -2.100000e-01 -1.525000e+00 -2.395803e-01 -2.002927e-01
-1.015000e+00 -1.520000e+00 -3.311737e-01 -4.755910e-01 -1.020000e+00 -1.515000e+00 -3.304300e-01 -4.744693e-01
-1.010000e+00 -1.525000e+00 -3.319457e-01 -4.767312e-01 -1.015000e+00 -1.520000e+00 -3.311737e-01 -4.755910e-01
-2.100000e-01 -1.525000e+00 -2.395803e-01 -2.002927e-01 -2.050000e-01 -1.520000e+00 -2.387845e-01 -1.946817e-01
-2.050000e-01 -1.520000e+00 -2.387845e-01 -1.946817e-01 -1.950000e-01 -1.520000e+00 -2.386139e-01 -1.933174e-01
-1.950000e-01 -1.520000e+00 -2.386139e-01 -1.933174e-01 -1.850000e-01 -1.520000e+00 -2.384330e-01 -1.920188e-01
-1.850000e-01 -1.520000e+00 -2.384330e-01 -1.920188e-01 -1.800000e-01 -1.515000e+00 -2.377203e-01 -1.864798e-01
-1.035000e+00 -1.510000e+00 -3.328696e-01 -4.780513e-01 -1.040000e+00 -1.505000e+00 -3.321672e-01 -4.770023e-01
-1.035000e+00 -1.510000e+00 -3.328696e-01 -4.780513e-01 -1.025000e+00 -1.510000e+00 -3.296683e-01 -4.733855e-01
-1.020000e+00 -1.515000e+00 -3.304300e-01 -4.744693e-01 -1.025000e+00 -1.510000e+00 -3.296683e-01 -4.733855e-01
-1.800000e-01 -1.515000e+00 -2.377203e-01 -1.864798e-01 -1.750000e-01 -1.510000e+00 -2.370323e-01 -1.809342e-01
-1.750000e-01 -1.510000e+00 -2.370323e-01 -1.809342e-01 -1.650000e-01 -1.510000e+00 -2.368930e-01 -1.797514e-01
-1.650000e-01 -1.510000e+00 -2.368930e-01 -1.797514e-01 -1.600000e-01 -1.505000e+00 -2.362581e-01 -1.742564e-01
-1.045000e+00 -1.500000e+00 -3.314481e-01 -4.759910e-01 -1.050000e+00 -1.495000e+00 -3.307599e-01 -4.749960e-01
-1.040000e+00 -1.505000e+00 -3.321672e-01 -4.770023e-01 -1.045000e+00 -1.500000e+00 -3.314481e-01 -4.759910e-01
-1.600000e-01 -1.505000e+00 -2.362581e-01 -1.742564e-01 -1.550000e-01 -1.500000e+00 -2.356492e-01 -1.687554e-01
-1.550000e-01 -1.500000e+00 -2.356492e-01 -1.687554e-01 -1.450000e-01 -1.500000e+00 -2.355470e-01 -1.676915e-01
-1.450000e-01 -1.500000e+00 -2.355470e-01 -1.676915e-01 -1.350000e-01 -1.500000e+00 -2.354280e-01 -1.666948e-01
-1.350000e-01 -1.500000e+00 -2.354280e-01 -1.666948e-01 -1.300000e-01 -1.495000e+00 -2.348947e-01 -1.612738e-01
-1.065000e+00 -1.490000e+00 -3.334426e-01 -4.787702e-01 -1.070000e+00 -1.485000e+00 -3.328024e-01 -4.778432e-01
-1.065000e+00 -1.490000e+00 -3.334426e-01 -4.787702e-01 -1.055000e+00 -1.490000e+00 -3.300559e-01 -4.740388e-01
-1.050000e+00 -1.495000e+00 -3.307599e-01 -4.749960e-01 -1.055000e+00 -1.490000e+00 -3.300559e-01 -4.740388e-01
-1.300000e-01 -1.495000e+00 -2.348947e-01 -1.612738e-01 -1.250000e-01 -1.490000e+00 -2.343889e-01 -1.558475e-01
-1.250000e-01 -1.490000e+00 -2.343889e-01 -1.558475e-01 -1.150000e-01 -1.490000e+00 -2.342997e-01 -1.549735e-01
-1.150000e-01 -1.490000e+00 -2.342997e-01 -1.549735e-01 -1.100000e-01 -1.485000e+00 -2.338416e-01 -1.496032e-01
-1.075000e+00 -1.480000e+00 -3.321478e-01 -4.769540e-01 -1.080000e+00 -1.475000e+00 -3.315261e-01 -4.760784e-01
-1.070000e+00 -1.485000e+00 -3.328024e-01 -4.778432e-01 -1.075000e+00 -1.480000e+00 -3.321478e-01 -4.769540e-01
-1.100000e-01 -1.485000e+00 -2.338416e-01 -1.496032e-01 -1.050000e-01 -1.480000e+00 -2.334120e-01 -1.442282e-01
-1.050000e-01 -1.480000e+00 -2.334120e-01 -1.442282e-01 -9.500000e-02 -1.480000e+00 -2.333478e-01 -1.434796e-01
-9.500000e-02 -1.480000e+00 -2.333478e-01 -1.434796e-01 -9.000000e-02 -1.475000e+00 -2.329638e-01 -1.381627e-01
-1.085000e+00 -1.470000e+00 -3.308911e-01 -4.752407e-01 -1.090000e+00 -1.465000e+00 -3.302898e-01 -4.744160e-01
-1.080000e+00 -1.475000e+00 -3.315261e-01 -4.760784e-01 -1.085000e+00 -1.470000e+00 -3.308911e-01 -4.752407e-01
-9.000000e-02 -1.475000e+00 -2.329638e-01 -1.381627e-01 -8.500000e-02 -1.470000e+00 -2.326094e-01 -1.328418e-01
-8.500000e-02 -1.470000e+00 -2.326094e-01 -1.328418e-01 -7.500000e-02 -1.470000e+00 -2.325651e-01 -1.322212e-01
-7.500000e-02 -1.470000e+00 -2.325651e-01 -1.322212e-01 -7.000000e-02 -1.465000e+00 -2.322538e-01 -1.269607e-01
-1.095000e+00 -1.460000e+00 -3.296761e-01 -4.736291e-01 -1.100000e+00 -1.455000e+00 -3.290970e-01 -4.728541e-01
-1.090000e+00 -1.465000e+00 -3.302898e-01 -4.744160e-01 -1.095000e+00 -1.460000e+00 -3.296761e-01 -4.736291e-01
-7.000000e-02 -1.465000e+00 -2.322538e-01 -1.269607e-01 -6.500000e-02 -1.460000e+00 -2.319733e-01 -1.216967e-01
-6.500000e-02 -1.460000e+00 -2.319733e-01 -1.216967e-01 -5.500000e-02 -1.460000e+00 -2.319437e-01 -1.212067e-01
-5.500000e-02 -1.460000e+00 -2.319437e-01 -1.212067e-01 -5.000000e-02 -1.455000e+00 -2.317039e-01 -1.160053e-01
-1.105000e+00 -1.450000e+00 -3.285063e-01 -4.721169e-01 -1.110000e+00 -1.445000e+00 -3.279511e-01 -4.713908e-01
-1.100000e+00 -1.455000e+00 -3.290970e-01 -4.728541e-01 -1.105000e+00 -1.450000e+00 -3.285063e-01 -4.721169e-01
-5.000000e-02 -1.455000e+00 -2.317039e-01 -1.160053e-01 -4.500000e-02 -1.450000e+00 -2.314958e-01 -1.108012e-01
-4.500000e-02 -1.450000e+00 -2.314958e-01 -1.108012e-01 -3.500000e-02 -1.450000e+00 -2.314755e-01 -1.104443e-01
-3.500000e-02 -1.450000e+00 -2.314755e-01 -1.104443e-01 -3.000000e-02 -1.445000e+00 -2.313054e-01 -1.053045e-01
-1.125000e+00 -1.440000e+00 -3.311778e-01 -4.755539e-01 -1.130000e+00 -1.435000e+00 -3.306846e-01 -4.748851e-01
-1.125000e+00 -1.440000e+00 -3.311778e-01 -4.755539e-01 -1.115000e+00 -1.440000e+00 -3.273854e-01 -4.707024e-01
-1.110000e+00 -1.445000e+00 -3.279511e-01 -4.713908e-01 -1.115000e+00 -1.440000e+00 -3.273854e-01 -4.707024e-01
-3.000000e-02 -1.445000e+00 -2.313054e-01 -1.053045e-01 -2.500000e-02 -1.440000e+00 -2.311682e-01 -1.001632e-01
-2.500000e-02 -1.440000e+00 -2.311682e-01 -1.001632e-01 -1.500000e-02 -1.440000e+00 -2.311516e-01 -9.994143e-02
-1.500000e-02 -1.440000e+00 -2.311516e-01 -9.994143e-02 -1.000000e-02 -1.435000e+00 -2.310496e-01 -9.486657e-02
-1.135000e+00 -1.430000e+00 -3.301824e-01 -4.742535e-01 -1.140000e+00 -1.425000e+00 -3.297174e-01 -4.736305e-01
-1.130000e+00 -1.435000e+00 -3.306846e-01 -4.748851e-01 -1.135000e+00 -1.430000e+00 -3.301824e-01 -4.742535e-01
-1.000000e-02 -1.435000e+00 -2.310496e-01 -9.486657e-02 -5.000000e-03 -1.430000e+00 -2.309814e-01 -8.979064e-02
-5.000000e-03 -1.430000e+00 -2.309814e-01 -8.979064e-02 7.285839e-17 -1.425000e+00 -2.309298e-01 -8.474879e-02
-1.140000e+00 -1.425000e+00 -3.297174e-01 -4.736305e-01 -1.140000e+00 -1.415000e+00 -3.248305e-01 -4.675717e-01
7.285839e-17 -1.425000e+00 -2.309298e-01 -8.474879e-02 5.000000e-03 -1.420000e+00 -2.309128e-01 -7.970647e-02
5.000000e-03 -1.420000e+00 -2.309128e-01 -7.970647e-02 1.500000e-02 -1.420000e+00 -2.309258e-01 -7.969121e-02
1.500000e-02 -1.420000e+00 -2.309258e-01 -7.969121e-02 2.000000e-02 -1.415000e+00 -2.309398e-01 -7.471875e-02
-1.145000e+00 -1.410000e+00 -3.243497e-01 -4.670232e-01 -1.150000e+00 -1.405000e+00 -3.239074e-01 -4.664817e-01
-1.140000e+00 -1.415000e+00 -3.248305e-01 -4.675717e-01 -1.145000e+00 -1.410000e+00 -3.243497e-01 -4.670232e-01
2.000000e-02 -1.415000e+00 -2.309398e-01 -7.471875e-02 2.500000e-02 -1.410000e+00 -2.309893e-01 -6.974665e-02
2.500000e-02 -1.410000e+00 -2.309893e-01 -6.974665e-02 3.500000e-02 -1.410000e+00 -2.309913e-01 -6.987241e-02
3.500000e-02 -1.410000e+00 -2.309913e-01 -6.987241e-02 4.000000e-02 -1.405000e+00 -2.310686e-01 -6.497219e-02
-1.155000e+00 -1.400000e+00 -3.234583e-01 -4.659775e-01 -1.160000e+00 -1.395000e+00 -3.230484e-01 -4.654793e-01
-1.150000e+00 -1.405000e+00 -3.239074e-01 -4.664817e-01 -1.155000e+00 -1.400000e+00 -3.234583e-01 -4.659775e-01
4.000000e-02 -1.405000e+00 -2.310686e-01 -6.497219e-02 4.500000e-02 -1.400000e+00 -2.311823e-01 -6.007328e-02
4.500000e-02 -1.400000e+00 -2.311823e-01 -6.007328e-02 5.500000e-02 -1.400000e+00 -2.311672e-01 -6.034138e-02
5.500000e-02 -1.400000e+00 -2.311672e-01 -6.034138e-02 6.000000e-02 -1.395000e+00 -2.313055e-01 -5.551602e-02
-1.165000e+00 -1.390000e+00 -3.226328e-01 -4.650182e-01 -1.170000e+00 -1.385000e+00 -3.222568e-01 -4.645621e-01
-1.160000e+00 -1.395000e+00 -3.230484e-01 -4.654793e-01 -1.165000e+00 -1.390000e+00 -3.226328e-01 -4.650182e-01
6.000000e-02 -1.395000e+00 -2.313055e-01 -5.551602e-02 6.500000e-02 -1.390000e+00 -2.314811e-01 -5.069293e-02
6.500000e-02 -1.390000e+00 -2.314811e-01 -5.069293e-02 7.000000e-02 -1.385000e+00 -2.316677e-01 -4.590751e-02
-1.175000e+00 -1.380000e+00 -3.218763e-01 -4.641428e-01 -1.180000e+00 -1.375000e+00 -3.215360e-01 -4.637276e-01
-1.170000e+00 -1.385000e+00 -3.222568e-01 -4.645621e-01 -1.175000e+00 -1.380000e+00 -3.218763e-01 -4.641428e-01
7.000000e-02 -1.385000e+00 -2.316677e-01 -4.590751e-02 7.500000e-02 -1.380000e+00 -2.318921e-01 -4.112518e-02
7.500000e-02 -1.380000e+00 -2.318921e-01 -4.112518e-02 8.500000e-02 -1.380000e+00 -2.318740e-01 -4.161275e-02
8.500000e-02 -1.380000e+00 -2.318740e-01 -4.161275e-02 9.000000e-02 -1.375000e+00 -2.321181e-01 -3.690672e-02
-1.185000e+00 -1.370000e+00 -3.211921e-01 -4.633489e-01 -1.190000e+00 -1.365000e+00 -3.208891e-01 -4.629732e-01
-1.180000e+00 -1.375000e+00 -3.215360e-01 -4.637276e-01 -1.185000e+00 -1.370000e+00 -3.211921e-01 -4.633489e-01
9.000000e-02 -1.375000e+00 -2.321181e-01 -3.690672e-02 9.500000e-02 -1.370000e+00 -2.324007e-01 -3.220510e-02
9.500000e-02 -1.370000e+00 -2.324007e-01 -3.220510e-02 1.050000e-01 -1.370000e+00 -2.323493e-01 -3.283894e-02
1.050000e-01 -1.370000e+00 -2.323493e-01 -3.283894e-02 1.100000e-01 -1.365000e+00 -2.326480e-01 -2.821504e-02
-1.195000e+00 -1.360000e+00 -3.205834e-01 -4.626337e-01 -1.200000e+00 -1.355000e+00 -3.203191e-01 -4.622962e-01
-1.190000e+00 -1.365000e+00 -3.208891e-01 -4.629732e-01 -1.195000e+00 -1.360000e+00 -3.205834e-01 -4.626337e-01
1.100000e-01 -1.365000e+00 -2.326480e-01 -2.821504e-02 1.150000e-01 -1.360000e+00 -2.329860e-01 -2.359663e-02
1.150000e-01 -1.360000e+00 -2.329860e-01 -2.359663e-02 1.200000e-01 -1.355000e+00 -2.333306e-01 -1.901792e-02
-1.200000e+00 -1.355000e+00 -3.203191e-01 -4.622962e-01 -1.200000e+00 -1.345000e+00 -3.153531e-01 -4.567269e-01
1.200000e-01 -1.355000e+00 -2.333306e-01 -1.901792e-02 1.250000e-01 -1.350000e+00 -2.337150e-01 -1.444528e-02
1.250000e-01 -1.350000e+00 -2.337150e-01 -1.444528e-02 1.350000e-01 -1.350000e+00 -2.336350e-01 -1.530561e-02
1.350000e-01 -1.350000e+00 -2.336350e-01 -1.530561e-02 1.400000e-01 -1.345000e+00 -2.340299e-01 -1.081345e-02
-1.205000e+00 -1.340000e+00 -3.150860e-01 -4.564612e-01 -1.210000e+00 -1.335000e+00 -3.148614e-01 -4.561960e-01
-1.200000e+00 -1.345000e+00 -3.153531e-01 -4.567269e-01 -1.205000e+00 -1.340000e+00 -3.150860e-01 -4.564612e-01
1.400000e-01 -1.345000e+00 -2.340299e-01 -1.081345e-02 1.450000e-01 -1.340000e+00 -2.344653e-01 -6.328669e-03
1.450000e-01 -1.340000e+00 -2.344653e-01 -6.328669e-03 1.500000e-01 -1.335000e+00 -2.349043e-01 -1.884542e-03
-1.215000e+00 -1.330000e+00 -3.146366e-01 -4.559663e-01 -1.220000e+00 -1.325000e+00 -3.144546e-01 -4.557362e-01
-1.210000e+00 -1.335000e+00 -3.148614e-01 -4.561960e-01 -1.215000e+00 -1.330000e+00 -3.146366e-01 -4.559663e-01
1.500000e-01 -1.335000e+00 -2.349043e-01 -1.884542e-03 1.550000e-01 -1.330000e+00 -2.353844e-01 2.551122e-03
1.550000e-01 -1.330000e+00 -2.353844e-01 2.551122e-03 1.650000e-01 -1.330000e+00 -2.352595e-01 1.460476e-03
1.650000e-01 -1.330000e+00 -2.352595e-01 1.460476e-03 1.700000e-01 -1.325000e+00 -2.357441e-01 5.813766e-03
-1.220000e+00 -1.325000e+00 -3.144546e-01 -4.557362e-01 -1.220000e+00 -1.315000e+00 -3.094687e-01 -4.503603e-01
1.700000e-01 -1.325000e+00 -2.357441e-01 5.813766e-03 1.750000e-01 -1.320000e+00 -2.362701e-01 1.015728e-02
1.750000e-01 -1.320000e+00 -2.362701e-01 1.015728e-02 1.800000e-01 -1.315000e+00 -2.367969e-01 1.445895e-02
-1.225000e+00 -1.310000e+00 -3.092890e-01 -4.502004e-01 -1.230000e+00 -1.305000e+00 -3.091531e-01 -4.500386e-01
-1.220000e+00 -1.315000e+00 -3.094687e-01 -4.503603e-01 -1.225000e+00 -1.310000e+00 -3.092890e-01 -4.502004e-01
1.800000e-01 -1.315000e+00 -2.367969e-01 1.445895e-02 1.850000e-01 -1.310000e+00 -2.373655e-01 1.875013e-02
1.850000e-01 -1.310000e+00 -2.373655e-01 1.875013e-02 1.950000e-01 -1.310000e+00 -2.371787e-01 1.742667e-02
1.950000e-01 -1.310000e+00 -2.371787e-01 1.742667e-02 2.000000e-01 -1.305000e+00 -2.377456e-01 2.163357e-02
-1.235000e+00 -1.300000e+00 -3.090196e-01 -4.499115e-01 -1.240000e+00 -1.295000e+00 -3.089301e-01 -4.497815e-01
-1.230000e+00 -1.305000e+00 -3.091531e-01 -4.500386e-01 -1.235000e+00 -1.300000e+00 -3.090196e-01 -4.499115e-01
2.000000e-01 -1.305000e+00 -2.377456e-01 2.163357e-02 2.050000e-01 -1.300000e+00 -2.383548e-01 2.582831e-02
2.050000e-01 -1.300000e+00 -2.383548e-01 2.582831e-02 2.100000e-01 -1.295000e+00 -2.389615e-01 2.998074e-02
-1.240000e+00 -1.295000e+00 -3.089301e-01 -4.497815e-01 -1.240000e+00 -1.285000e+00 -3.039367e-01 -4.445963e-01
2.100000e-01 -1.295000e+00 -2.389615e-01 2.998074e-02 2.150000e-01 -1.290000e+00 -2.396109e-01 3.412004e-02
2.150000e-01 -1.290000e+00 -2.396109e-01 3.412004e-02 2.200000e-01 -1.285000e+00 -2.402566e-01 3.821644e-02
-1.245000e+00 -1.280000e+00 -3.038546e-01 -4.445346e-01 -1.250000e+00 -1.275000e+00 -3.038175e-01 -4.444684e-01
-1.240000e+00 -1.285000e+00 -3.039367e-01 -4.445963e-01 -1.245000e+00 -1.280000e+00 -3.038546e-01 -4.445346e-01
2.200000e-01 -1.285000e+00 -2.402566e-01 3.821644e-02 2.250000e-01 -1.280000e+00 -2.409455e-01 4.229877e-02
2.250000e-01 -1.280000e+00 -2.409455e-01 4.229877e-02 2.350000e-01 -1.280000e+00 -2.406697e-01 4.065487e-02
2.350000e-01 -1.280000e+00 -2.406697e-01 4.065487e-02 2.400000e-01 -1.275000e+00 -2.413478e-01 4.465089e-02
-1.250000e+00 -1.275000e+00 -3.038175e-01 -4.444684e-01 -1.250000e+00 -1.265000e+00 -2.988179e-01 -4.394038e-01
2.400000e-01 -1.275000e+00 -2.413478e-01 4.465089e-02 2.450000e-01 -1.270000e+00 -2.420692e-01 4.863141e-02
2.450000e-01 -1.270000e+00 -2.420692e-01 4.863141e-02 2.500000e-01 -1.265000e+00 -2.427835e-01 5.256830e-02
-1.255000e+00 -1.260000e+00 -2.987912e-01 -4.394050e-01 -1.260000e+00 -1.255000e+00 -2.988100e-01 -4.394001e-01
-1.250000e+00 -1.265000e+00 -2.988179e-01 -4.394038e-01 -1.255000e+00 -1.260000e+00 -2.987912e-01 -4.394050e-01
2.500000e-01 -1.265000e+00 -2.427835e-01 5.256830e-02 2.550000e-01 -1.260000e+00 -2.435414e-01 5.648874e-02
2.550000e-01 -1.260000e+00 -2.435414e-01 5.648874e-02 2.600000e-01 -1.255000e+00 -2.442909e-01 6.036555e-02
-1.260000e+00 -1.255000e+00 -2.988100e-01 -4.394001e-01 -1.260000e+00 -1.245000e+00 -2.938088e-01 -4.344552e-01
2.600000e-01 -1.255000e+00 -2.442909e-01 6.036555e-02 2.650000e-01 -1.250000e+00 -2.450843e-01 6.422460e-02
2.650000e-01 -1.250000e+00 -2.450843e-01 6.422460e-02 2.750000e-01 -1.250000e+00 -2.446853e-01 6.225777e-02
2.750000e-01 -1.250000e+00 -2.446853e-01 6.225777e-02 2.800000e-01 -1.245000e+00 -2.454584e-01 6.602920e-02
-1.265000e+00 -1.240000e+00 -2.938413e-01 -4.345164e-01 -1.270000e+00 -1.235000e+00 -2.939199e-01 -4.345701e-01
-1.260000e+00 -1.245000e+00 -2.938088e-01 -4.344552e-01 -1.265000e+00 -1.240000e+00 -2.938413e-01 -4.345164e-01
2.800000e-01 -1.245000e+00 -2.454584e-01 6.602920e-02 2.850000e-01 -1.240000e+00 -2.462754e-01 6.978131e-02
2.850000e-01 -1.240000e+00 -2.462754e-01 6.978131e-02 2.900000e-01 -1.235000e+00 -2.470804e-01 7.348956e-02
-1.270000e+00 -1.235000e+00 -2.939199e-01 -4.345701e-01 -1.270000e+00 -1.225000e+00 -2.889217e-01 -4.297440e-01
2.900000e-01 -1.235000e+00 -2.470804e-01 7.348956e-02 2.950000e-01 -1.230000e+00 -2.479295e-01 7.717754e-02
2.950000e-01 -1.230000e+00 -2.479295e-01 7.717754e-02 3.000000e-01 -1.225000e+00 -2.487653e-01 8.082118e-02
-1.275000e+00 -1.220000e+00 -2.890172e-01 -4.298624e-01 -1.280000e+00 -1.215000e+00 -2.891592e-01 -4.299716e-01
-1.270000e+00 -1.225000e+00 -2.889217e-01 -4.297440e-01 -1.275000e+00 -1.220000e+00 -2.890172e-01 -4.298624e-01
3.000000e-01 -1.225000e+00 -2.487653e-01 8.082118e-02 3.050000e-01 -1.220000e+00 -2.496453e-01 8.444360e-02
3.050000e-01 -1.220000e+00 -2.496453e-01 8.444360e-02 3.150000e-01 -1.220000e+00 -2.490872e-01 8.215478e-02
3.150000e-01 -1.220000e+00 -2.490872e-01 8.215478e-02 3.200000e-01 -1.215000e+00 -2.499369e-01 8.568898e-02
-1.280000e+00 -1.215000e+00 -2.891592e-01 -4.299716e-01 -1.280000e+00 -1.205000e+00 -2.841689e-01 -4.252632e-01
3.200000e-01 -1.215000e+00 -2.499369e-01 8.568898e-02 3.250000e-01 -1.210000e+00 -2.508305e-01 8.920006e-02
3.250000e-01 -1.210000e+00 -2.508305e-01 8.920006e-02 3.300000e-01 -1.205000e+00 -2.517071e-01 9.266726e-02
-1.285000e+00 -1.200000e+00 -2.843309e-01 -4.254357e-01 -1.290000e+00 -1.195000e+00 -2.845400e-01 -4.255975e-01
-1.280000e+00 -1.205000e+00 -2.841689e-01 -4.252632e-01 -1.285000e+00 -1.200000e+00 -2.843309e-01 -4.254357e-01
3.300000e-01 -1.205000e+00 -2.517071e-01 9.266726e-02 3.350000e-01 -1.200000e+00 -2.526276e-01 9.611015e-02
3.350000e-01 -1.200000e+00 -2.526276e-01 9.611015e-02 3.400000e-01 -1.195000e+00 -2.535298e-01 9.950917e-02
-1.290000e+00 -1.195000e+00 -2.845400e-01 -4.255975e-01 -1.290000e+00 -1.185000e+00 -2.795623e-01 -4.210052e-01
3.400000e-01 -1.195000e+00 -2.535298e-01 9.950917e-02 3.450000e-01 -1.190000e+00 -2.544759e-01 1.028828e-01
3.450000e-01 -1.190000e+00 -2.544759e-01 1.028828e-01 3.500000e-01 -1.185000e+00 -2.554021e-01 1.062123e-01
-1.290000e+00 -1.185000e+00 -2.795623e-01 -4.210052e-01 -1.290000e+00 -1.175000e+00 -2.745769e-01 -4.164669e-01
3.500000e-01 -1.185000e+00 -2.554021e-01 1.062123e-01 3.550000e-01 -1.180000e+00 -2.563724e-01 1.095154e-01
3.550000e-01 -1.180000e+00 -2.563724e-01 1.095154e-01 3.600000e-01 -1.175000e+00 -2.573213e-01 1.127744e-01
-1.295000e+00 -1.170000e+00 -2.748214e-01 -4.167209e-01 -1.300000e+00 -1.165000e+00 -2.751136e-01 -4.169621e-01
-1.290000e+00 -1.175000e+00 -2.745769e-01 -4.164669e-01 -1.295000e+00 -1.170000e+00 -2.748214e-01 -4.167209e-01
3.600000e-01 -1.175000e+00 -2.573213e-01 1.127744e-01 3.650000e-01 -1.170000e+00 -2.583142e-01 1.160057e-01
3.650000e-01 -1.170000e+00 -2.583142e-01 1.160057e-01 3.750000e-01 -1.170000e+00 -2.574736e-01 1.132248e-01
3.750000e-01 -1.170000e+00 -2.574736e-01 1.132248e-01 3.800000e-01 -1.165000e+00 -2.584200e-01 1.163690e-01
-1.300000e+00 -1.165000e+00 -2.751136e-01 -4.169621e-01 -1.300000e+00 -1.155000e+00 -2.701476e-01 -4.125382e-01
3.800000e-01 -1.165000e+00 -2.584200e-01 1.163690e-01 3.850000e-01 -1.160000e+00 -2.594095e-01 1.194836e-01
3.850000e-01 -1.160000e+00 -2.594095e-01 1.194836e-01 3.900000e-01 -1.155000e+00 -2.603740e-01 1.225550e-01
-1.305000e+00 -1.150000e+00 -2.704672e-01 -4.128390e-01 -1.310000e+00 -1.145000e+00 -2.708347e-01 -4.131254e-01
-1.300000e+00 -1.155000e+00 -2.701476e-01 -4.125382e-01 -1.305000e+00 -1.150000e+00 -2.704672e-01 -4.128390e-01
3.900000e-01 -1.155000e+00 -2.603740e-01 1.225550e-01 3.950000e-01 -1.150000e+00 -2.613815e-01 1.255959e-01
3.950000e-01 -1.150000e+00 -2.613815e-01 1.255959e-01 4.000000e-01 -1.145000e+00 -2.623623e-01 1.285937e-01
-1.310000e+00 -1.145000e+00 -2.708347e-01 -4.131254e-01 -1.310000e+00 -1.135000e+00 -2.658928e-01 -4.088141e-01
4.000000e-01 -1.145000e+00 -2.623623e-01 1.285937e-01 4.050000e-01 -1.140000e+00 -2.633859e-01 1.315597e-01
4.050000e-01 -1.140000e+00 -2.633859e-01 1.315597e-01 4.100000e-01 -1.135000e+00 -2.643814e-01 1.344831e-01
-1.310000e+00 -1.135000e+00 -2.658928e-01 -4.088141e-01 -1.310000e+00 -1.125000e+00 -2.609473e-01 -4.045568e-01
4.100000e-01 -1.135000e+00 -2.643814e-01 1.344831e-01 4.150000e-01 -1.130000e+00 -2.654193e-01 1.373733e-01
4.150000e-01 -1.130000e+00 -2.654193e-01 1.373733e-01 4.200000e-01 -1.125000e+00 -2.664277e-01 1.402211e-01
-1.315000e+00 -1.120000e+00 -2.613613e-01 -4.049294e-01 -1.320000e+00 -1.115000e+00 -2.618237e-01 -4.052854e-01
-1.310000e+00 -1.125000e+00 -2.609473e-01 -4.045568e-01 -1.315000e+00 -1.120000e+00 -2.613613e-01 -4.049294e-01
4.200000e-01 -1.125000e+00 -2.664277e-01 1.402211e-01 4.250000e-01 -1.120000e+00 -2.674782e-01 1.430346e-01
4.250000e-01 -1.120000e+00 -2.674782e-01 1.430346e-01 4.300000e-01 -1.115000e+00 -2.684975e-01 1.458061e-01
-1.320000e+00 -1.115000e+00 -2.618237e-01 -4.052854e-01 -1.320000e+00 -1.105000e+00 -2.569090e-01 -4.011383e-01
4.300000e-01 -1.115000e+00 -2.684975e-01 1.458061e-01 4.350000e-01 -1.110000e+00 -2.695587e-01 1.485418e-01
4.350000e-01 -1.110000e+00 -2.695587e-01 1.485418e-01 4.450000e-01 -1.110000e+00 -2.682801e-01 1.452061e-01
4.450000e-01 -1.110000e+00 -2.682801e-01 1.452061e-01 4.500000e-01 -1.105000e+00 -2.692751e-01 1.478596e-01
-1.320000e+00 -1.105000e+00 -2.569090e-01 -4.011383e-01 -1.320000e+00 -1.095000e+00 -2.519935e-01 -3.970451e-01
4.500000e-01 -1.105000e+00 -2.692751e-01 1.478596e-01 4.550000e-01 -1.100000e+00 -2.703107e-01 1.504759e-01
4.550000e-01 -1.100000e+00 -2.703107e-01 1.504759e-01 4.600000e-01 -1.095000e+00 -2.713114e-01 1.530516e-01
-1.320000e+00 -1.095000e+00 -2.519935e-01 -3.970451e-01 -1.320000e+00 -1.085000e+00 -2.470777e-01 -3.930060e-01
4.600000e-01 -1.095000e+00 -2.713114e-01 1.530516e-01 4.650000e-01 -1.090000e+00 -2.723521e-01 1.555893e-01
4.650000e-01 -1.090000e+00 -2.723521e-01 1.555893e-01 4.700000e-01 -1.085000e+00 -2.733563e-01 1.580868e-01
-1.325000e+00 -1.080000e+00 -2.476116e-01 -3.934713e-01 -1.330000e+00 -1.075000e+00 -2.481944e-01 -3.939173e-01
-1.320000e+00 -1.085000e+00 -2.470777e-01 -3.930060e-01 -1.325000e+00 -1.080000e+00 -2.476116e-01 -3.934713e-01
4.700000e-01 -1.085000e+00 -2.733563e-01 1.580868e-01 4.750000e-01 -1.080000e+00 -2.744001e-01 1.605450e-01
4.750000e-01 -1.080000e+00 -2.744001e-01 1.605450e-01 4.800000e-01 -1.075000e+00 -2.754060e-01 1.629639e-01
-1.330000e+00 -1.075000e+00 -2.481944e-01 -3.939173e-01 -1.330000e+00 -1.065000e+00 -2.433180e-01 -3.899851e-01
4.800000e-01 -1.075000e+00 -2.754060e-01 1.629639e-01 4.850000e-01 -1.070000e+00 -2.764506e-01 1.653419e-01
4.850000e-01 -1.070000e+00 -2.764506e-01 1.653419e-01 4.900000e-01 -1.065000e+00 -2.774559e-01 1.676815e-01
-1.330000e+00 -1.065000e+00 -2.433180e-01 -3.899851e-01 -1.330000e+00 -1.055000e+00 -2.384442e-01 -3.861068e-01
4.900000e-01 -1.065000e+00 -2.774559e-01 1.676815e-01 4.950000e-01 -1.060000e+00 -2.784994e-01 1.699790e-01
4.950000e-01 -1.060000e+00 -2.784994e-01 1.699790e-01 5.000000e-01 -1.055000e+00 -2.795019e-01 1.722387e-01
-1.330000e+00 -1.055000e+00 -2.384442e-01 -3.861068e-01 -1.330000e+00 -1.045000e+00 -2.335732e-01 -3.822825e-01
5.000000e-01 -1.055000e+00 -2.795019e-01 1.722387e-01 5.050000e-01 -1.050000e+00 -2.805419e-01 1.744552e-01
5.050000e-01 -1.050000e+00 -2.805419e-01 1.744552e-01 5.100000e-01 -1.045000e+00 -2.815395e-01 1.766346e-01
-1.335000e+00 -1.040000e+00 -2.342383e-01 -3.828308e-01 -1.340000e+00 -1.035000e+00 -2.349525e-01 -3.833573e-01
-1.330000e+00 -1.045000e+00 -2.335732e-01 -3.822825e-01 -1.335000e+00 -1.040000e+00 -2.342383e-01 -3.828308e-01
5.100000e-01 -1.045000e+00 -2.815395e-01 1.766346e-01 5.150000e-01 -1.040000e+00 -2.825738e-01 1.787698e-01
5.150000e-01 -1.040000e+00 -2.825738e-01 1.787698e-01 5.200000e-01 -1.035000e+00 -2.835642e-01 1.808685e-01
-1.340000e+00 -1.035000e+00 -2.349525e-01 -3.833573e-01 -1.340000e+00 -1.025000e+00 -2.301298e-01 -3.796360e-01
5.200000e-01 -1.035000e+00 -2.835642e-01 1.808685e-01 5.250000e-01 -1.030000e+00 -2.845905e-01 1.829219e-01
5.250000e-01 -1.030000e+00 -2.845905e-01 1.829219e-01 5.300000e-01 -1.025000e+00 -2.855714e-01 1.849397e-01
-1.340000e+00 -1.025000e+00 -2.301298e-01 -3.796360e-01 -1.340000e+00 -1.015000e+00 -2.253128e-01 -3.759681e-01
5.300000e-01 -1.025000e+00 -2.855714e-01 1.849397e-01 5.350000e-01 -1.020000e+00 -2.865873e-01 1.869111e-01
5.350000e-01 -1.020000e+00 -2.865873e-01 1.869111e-01 5.400000e-01 -1.015000e+00 -2.875564e-01 1.888479e-01
-1.340000e+00 -1.015000e+00 -2.253128e-01 -3.759681e-01 -1.340000e+00 -1.005000e+00 -2.205025e-01 -3.723537e-01
5.400000e-01 -1.015000e+00 -2.875564e-01 1.888479e-01 5.450000e-01 -1.010000e+00 -2.885596e-01 1.907370e-01
5.450000e-01 -1.010000e+00 -2.885596e-01 1.907370e-01 5.500000e-01 -1.005000e+00 -2.895146e-01 1.925927e-01
-1.340000e+00 -1.005000e+00 -2.205025e-01 -3.723537e-01 -1.340000e+00 -9.950000e-01 -2.156994e-01 -3.687928e-01
5.500000e-01 -1.005000e+00 -2.895146e-01 1.925927e-01 5.550000e-01 -1.000000e+00 -2.905025e-01 1.943996e-01
5.550000e-01 -1.000000e+00 -2.905025e-01 1.943996e-01 5.600000e-01 -9.950000e-01 -2.914410e-01 1.961739e-01
-1.345000e+00 -9.900000e-01 -2.165312e-01 -3.694366e-01 -1.350000e+00 -9.850000e-01 -2.174122e-01 -3.700553e-01
-1.340000e+00 -9.950000e-01 -2.156994e-01 -3.687928e-01 -1.345000e+00 -9.900000e-01 -2.165312e-01 -3.694366e-01
5.600000e-01 -9.950000e-01 -2.914410e-01 1.961739e-01 5.650000e-01 -9.900000e-01 -2.924114e-01 1.978985e-01
5.650000e-01 -9.900000e-01 -2.924114e-01 1.978985e-01 5.700000e-01 -9.850000e-01 -2.933309e-01 1.995918e-01
-1.350000e+00 -9.850000e-01 -2.174122e-01 -3.700553e-01 -1.350000e+00 -9.750000e-01 -2.126680e-01 -3.665920e-01
5.700000e-01 -9.850000e-01 -2.933309e-01 1.995918e-01 5.750000e-01 -9.800000e-01 -2.942812e-01 2.012341e-01
5.750000e-01 -9.800000e-01 -2.942812e-01 2.012341e-01 5.800000e-01 -9.750000e-01 -2.951794e-01 2.028462e-01
-1.350000e+00 -9.750000e-01 -2.126680e-01 -3.665920e-01 -1.350000e+00 -9.650000e-01 -2.079340e-01 -3.631815e-01
5.800000e-01 -9.750000e-01 -2.951794e-01 2.028462e-01 5.850000e-01 -9.700000e-01 -2.961071e-01 2.044065e-01
5.850000e-01 -9.700000e-01 -2.961071e-01 2.044065e-01 5.900000e-01 -9.650000e-01 -2.969814e-01 2.059380e-01
-1.350000e+00 -9.650000e-01 -2.079340e-01 -3.631815e-01 -1.350000e+00 -9.550000e-01 -2.032109e-01 -3.598237e-01
5.900000e-01 -9.650000e-01 -2.969814e-01 2.059380e-01 5.950000e-01 -9.600000e-01 -2.978841e-01 2.074166e-01
5.950000e-01 -9.600000e-01 -2.978841e-01 2.074166e-01 6.000000e-01 -9.550000e-01 -2.987322e-01 2.088675e-01
-1.350000e+00 -9.550000e-01 -2.032109e-01 -3.598237e-01 -1.350000e+00 -9.450000e-01 -1.984995e-01 -3.565185e-01
6.000000e-01 -9.550000e-01 -2.987322e-01 2.088675e-01 6.050000e-01 -9.500000e-01 -2.996073e-01 2.102646e-01
6.050000e-01 -9.500000e-01 -2.996073e-01 2.102646e-01 6.100000e-01 -9.450000e-01 -3.004266e-01 2.116353e-01
-1.350000e+00 -9.450000e-01 -1.984995e-01 -3.565185e-01 -1.350000e+00 -9.350000e-01 -1.938005e-01 -3.532659e-01
6.100000e-01 -9.450000e-01 -3.004266e-01 2.116353e-01 6.150000e-01 -9.400000e-01 -3.012716e-01 2.129516e-01
6.150000e-01 -9.400000e-01 -3.012716e-01 2.129516e-01 6.200000e-01 -9.350000e-01 -3.020597e-01 2.142428e-01
-1.350000e+00 -9.350000e-01 -1.938005e-01 -3.532659e-01 -1.350000e+00 -9.250000e-01 -1.891151e-01 -3.500659e-01
6.200000e-01 -9.350000e-01 -3.020597e-01 2.142428e-01 6.250000e-01 -9.300000e-01 -3.028722e-01 2.154786e-01
6.250000e-01 -9.300000e-01 -3.028722e-01 2.154786e-01 6.300000e-01 -9.250000e-01 -3.036265e-01 2.166907e-01
-1.355000e+00 -9.200000e-01 -1.901872e-01 -3.508277e-01 -1.360000e+00 -9.150000e-01 -1.913076e-01 -3.515600e-01
-1.350000e+00 -9.250000e-01 -1.891151e-01 -3.500659e-01 -1.355000e+00 -9.200000e-01 -1.901872e-01 -3.508277e-01
6.300000e-01 -9.250000e-01 -3.036265e-01 2.166907e-01 6.350000e-01 -9.200000e-01 -3.044038e-01 2.178467e-01
6.350000e-01 -9.200000e-01 -3.044038e-01 2.178467e-01 6.400000e-01 -9.150000e-01 -3.051220e-01 2.189806e-01
-1.360000e+00 -9.150000e-01 -1.913076e-01 -3.515600e-01 -1.360000e+00 -9.050000e-01 -1.866958e-01 -3.484490e-01
6.400000e-01 -9.150000e-01 -3.051220e-01 2.189806e-01 6.450000e-01 -9.100000e-01 -3.058617e-01 2.200577e-01
6.450000e-01 -9.100000e-01 -3.058617e-01 2.200577e-01 6.500000e-01 -9.050000e-01 -3.065412e-01 2.211140e-01
-1.360000e+00 -9.050000e-01 -1.866958e-01 -3.484490e-01 -1.360000e+00 -8.950000e-01 -1.821002e-01 -3.453894e-01
6.500000e-01 -9.050000e-01 -3.065412e-01 2.211140e-01 6.500000e-01 -8.950000e-01 -3.112428e-01 2.278135e-01
-1.360000e+00 -8.950000e-01 -1.821002e-01 -3.453894e-01 -1.360000e+00 -8.850000e-01 -1.775215e-01 -3.423809e-01
6.500000e-01 -8.950000e-01 -3.112428e-01 2.278135e-01 6.550000e-01 -8.900000e-01 -3.119619e-01 2.287539e-01
6.550000e-01 -8.900000e-01 -3.119619e-01 2.287539e-01 6.600000e-01 -8.850000e-01 -3.126188e-01 2.296756e-01
-1.360000e+00 -8.850000e-01 -1.775215e-01 -3.423809e-01 -1.360000e+00 -8.750000e-01 -1.729607e-01 -3.394234e-01
6.600000e-01 -8.850000e-01 -3.126188e-01 2.296756e-01 6.650000e-01 -8.800000e-01 -3.132938e-01 2.305382e-01
6.650000e-01 -8.800000e-01 -3.132938e-01 2.305382e-01 6.700000e-01 -8.750000e-01 -3.139057e-01 2.313838e-01
-1.360000e+00 -8.750000e-01 -1.729607e-01 -3.394234e-01 -1.360000e+00 -8.650000e-01 -1.684189e-01 -3.365167e-01
6.700000e-01 -8.750000e-01 -3.139057e-01 2.313838e-01 6.750000e-01 -8.700000e-01 -3.145338e-01 2.321698e-01
6.750000e-01 -8.700000e-01 -3.145338e-01 2.321698e-01 6.800000e-01 -8.650000e-01 -3.150982e-01 2.329402e-01
-1.360000e+00 -8.650000e-01 -1.684189e-01 -3.365167e-01 -1.360000e+00 -8.550000e-01 -1.638967e-01 -3.336606e-01
6.800000e-01 -8.650000e-01 -3.150982e-01 2.329402e-01 6.850000e-01 -8.600000e-01 -3.156773e-01 2.336506e-01
6.850000e-01 -8.600000e-01 -3.156773e-01 2.336506e-01 6.900000e-01 -8.550000e-01 -3.161917e-01 2.343472e-01
-1.360000e+00 -8.550000e-01 -1.638967e-01 -3.336606e-01 -1.360000e+00 -8.450000e-01 -1.593948e-01 -3.308548e-01
6.900000e-01 -8.550000e-01 -3.161917e-01 2.343472e-01 6.950000e-01 -8.500000e-01 -3.167192e-01 2.349836e-01
6.950000e-01 -8.500000e-01 -3.167192e-01 2.349836e-01 7.000000e-01 -8.450000e-01 -3.171814e-01 2.356077e-01
-1.360000e+00 -8.450000e-01 -1.593948e-01 -3.308548e-01 -1.360000e+00 -8.350000e-01 -1.549147e-01 -3.280992e-01
7.000000e-01 -8.450000e-01 -3.171814e-01 2.356077e-01 7.050000e-01 -8.400000e-01 -3.176550e-01 2.361710e-01
7.050000e-01 -8.400000e-01 -3.176550e-01 2.361710e-01 7.100000e-01 -8.350000e-01 -3.180626e-01 2.367241e-01
-1.360000e+00 -8.350000e-01 -1.549147e-01 -3.280992e-01 -1.360000e+00 -8.250000e-01 -1.504567e-01 -3.253935e-01
7.100000e-01 -8.350000e-01 -3.180626e-01 2.367241e-01 7.150000e-01 -8.300000e-01 -3.184799e-01 2.372162e-01
7.150000e-01 -8.300000e-01 -3.184799e-01 2.372162e-01 7.200000e-01 -8.250000e-01 -3.188308e-01 2.376996e-01
-1.360000e+00 -8.250000e-01 -1.504567e-01 -3.253935e-01 -1.360000e+00 -8.150000e-01 -1.460219e-01 -3.227374e-01
7.200000e-01 -8.250000e-01 -3.188308e-01 2.376996e-01 7.200000e-01 -8.150000e-01 -3.237682e-01 2.434818e-01
-1.360000e+00 -8.150000e-01 -1.460219e-01 -3.227374e-01 -1.360000e+00 -8.050000e-01 -1.416112e-01 -3.201306e-01
7.200000e-01 -8.150000e-01 -3.237682e-01 2.434818e-01 7.250000e-01 -8.100000e-01 -3.241338e-01 2.438422e-01
7.250000e-01 -8.100000e-01 -3.241338e-01 2.438422e-01 7.300000e-01 -8.050000e-01 -3.244317e-01 2.441965e-01
-1.360000e+00 -8.050000e-01 -1.416112e-01 -3.201306e-01 -1.360000e+00 -7.950000e-01 -1.372255e-01 -3.175728e-01
7.300000e-01 -8.050000e-01 -3.244317e-01 2.441965e-01 7.350000e-01 -8.000000e-01 -3.247346e-01 2.444887e-01
7.350000e-01 -8.000000e-01 -3.247346e-01 2.444887e-01 7.400000e-01 -7.950000e-01 -3.249695e-01 2.447768e-01
-1.360000e+00 -7.950000e-01 -1.372255e-01 -3.175728e-01 -1.360000e+00 -7.850000e-01 -1.328658e-01 -3.150637e-01
7.400000e-01 -7.950000e-01 -3.249695e-01 2.447768e-01 7.450000e-01 -7.900000e-01 -3.252078e-01 2.450027e-01
7.450000e-01 -7.900000e-01 -3.252078e-01 2.450027e-01 7.500000e-01 -7.850000e-01 -3.253777e-01 2.452262e-01
-1.360000e+00 -7.850000e-01 -1.328658e-01 -3.150637e-01 -1.360000e+00 -7.750000e-01 -1.285330e-01 -3.126029e-01
7.500000e-01 -7.850000e-01 -3.253777e-01 2.452262e-01 7.550000e-01 -7.800000e-01 -3.255490e-01 2.453878e-01
7.550000e-01 -7.800000e-01 -3.255490e-01 2.453878e-01 7.600000e-01 -7.750000e-01 -3.256519e-01 2.455487e-01
-1.360000e+00 -7.750000e-01 -1.285330e-01 -3.126029e-01 -1.360000e+00 -7.650000e-01 -1.242276e-01 -3.101901e-01
7.600000e-01 -7.750000e-01 -3.256519e-01 2.455487e-01 7.650000e-01 -7.700000e-01 -3.257543e-01 2.456479e-01
7.650000e-01 -7.700000e-01 -3.257543e-01 2.456479e-01 7.700000e-01 -7.650000e-01 -3.257882e-01 2.457481e-01
-1.360000e+00 -7.650000e-01 -1.242276e-01 -3.101901e-01 -1.360000e+00 -7.550000e-01 -1.199511e-01 -3.078249e-01
7.700000e-01 -7.650000e-01 -3.257882e-01 2.457481e-01 7.700000e-01 -7.550000e-01 -3.307843e-01 2.508219e-01
-1.360000e+00 -7.550000e-01 -1.199511e-01 -3.078249e-01 -1.360000e+00 -7.450000e-01 -1.157042e-01 -3.055068e-01
7.700000e-01 -7.550000e-01 -3.307843e-01 2.508219e-01 7.750000e-01 -7.500000e-01 -3.308128e-01 2.507986e-01
7.750000e-01 -7.500000e-01 -3.308128e-01 2.507986e-01 7.800000e-01 -7.450000e-01 -3.307719e-01 2.507793e-01
-1.360000e+00 -7.450000e-01 -1.157042e-01 -3.055068e-01 -1.360000e+00 -7.350000e-01 -1.114876e-01 -3.032354e-01
7.800000e-01 -7.450000e-01 -3.307719e-01 2.507793e-01 7.850000e-01 -7.400000e-01 -3.307259e-01 2.506980e-01
7.850000e-01 -7.400000e-01 -3.307259e-01 2.506980e-01 7.900000e-01 -7.350000e-01 -3.306105e-01 2.506228e-01
-1.360000e+00 -7.350000e-01 -1.114876e-01 -3.032354e-01 -1.360000e+00 -7.250000e-01 -1.073025e-01 -3.010103e-01
7.900000e-01 -7.350000e-01 -3.306105e-01 2.506228e-01 7.950000e-01 -7.300000e-01 -3.304880e-01 2.504860e-01
7.950000e-01 -7.300000e-01 -3.304880e-01 2.504860e-01 8.000000e-01 -7.250000e-01 -3.302966e-01 2.503569e-01
-1.360000e+00 -7.250000e-01 -1.073025e-01 -3.010103e-01 -1.360000e+00 -7.150000e-01 -1.031498e-01 -2.988312e-01
8.000000e-01 -7.250000e-01 -3.302966e-01 2.503569e-01 8.000000e-01 -7.150000e-01 -3.352839e-01 2.549643e-01
-1.360000e+00 -7.150000e-01 -1.031498e-01 -2.988312e-01 -1.360000e+00 -7.050000e-01 -9.903012e-02 -2.966973e-01
8.000000e-01 -7.150000e-01 -3.352839e-01 2.549643e-01 8.050000e-01 -7.100000e-01 -3.350738e-01 2.547129e-01
8.050000e-01 -7.100000e-01 -3.350738e-01 2.547129e-01 8.100000e-01 -7.050000e-01 -3.347942e-01 2.544721e-01
-1.360000e+00 -7.050000e-01 -9.903012e-02 -2.966973e-01 -1.360000e+00 -6.950000e-01 -9.494482e-02 -2.946083e-01
8.100000e-01 -7.050000e-01 -3.347942e-01 2.544721e-01 8.150000e-01 -7.000000e-01 -3.345029e-01 2.541705e-01
8.150000e-01 -7.000000e-01 -3.345029e-01 2.541705e-01 8.200000e-01 -6.950000e-01 -3.341421e-01 2.538815e-01
-1.360000e+00 -6.950000e-01 -9.494482e-02 -2.946083e-01 -1.360000e+00 -6.850000e-01 -9.089445e-02 -2.925637e-01
8.200000e-01 -6.950000e-01 -3.341421e-01 2.538815e-01 8.250000e-01 -6.900000e-01 -3.337682e-01 2.535322e-01
8.250000e-01 -6.900000e-01 -3.337682e-01 2.535322e-01 8.300000e-01 -6.850000e-01 -3.333253e-01 2.531974e-01
-1.360000e+00 -6.850000e-01 -9.089445e-02 -2.925637e-01 -1.360000e+00 -6.750000e-01 -8.688007e-02 -2.905628e-01
8.300000e-01 -6.850000e-01 -3.333253e-01 2.531974e-01 8.350000e-01 -6.800000e-01 -3.328672e-01 2.528032e-01
8.350000e-01 -6.800000e-01 -3.328672e-01 2.528032e-01 8.400000e-01 -6.750000e-01 -3.323408e-01 2.524250e-01
-1.360000e+00 -6.750000e-01 -8.688007e-02 -2.905628e-01 -1.360000e+00 -6.650000e-01 -8.290277e-02 -2.886052e-01
8.400000e-01 -6.750000e-01 -3.323408e-01 2.524250e-01 8.400000e-01 -6.650000e-01 -3.372389e-01 2.564497e-01
-1.360000e+00 -6.650000e-01 -8.290277e-02 -2.886052e-01 -1.360000e+00 -6.550000e-01 -7.896315e-02 -2.866903e-01
8.400000e-01 -6.650000e-01 -3.372389e-01 2.564497e-01 8.450000e-01 -6.600000e-01 -3.366773e-01 2.559542e-01
8.450000e-01 -6.600000e-01 -3.366773e-01 2.559542e-01 8.500000e-01 -6.550000e-01 -3.360478e-01 2.554778e-01
-1.360000e+00 -6.550000e-01 -7.896315e-02 -2.866903e-01 -1.360000e+00 -6.450000e-01 -7.506226e-02 -2.848174e-01
8.500000e-01 -6.550000e-01 -3.360478e-01 2.554778e-01 8.550000e-01 -6.500000e-01 -3.353982e-01 2.549435e-01
8.550000e-01 -6.500000e-01 -3.353982e-01 2.549435e-01 8.600000e-01 -6.450000e-01 -3.346812e-01 2.544299e-01
-1.360000e+00 -6.450000e-01 -7.506226e-02 -2.848174e-01 -1.360000e+00 -6.350000e-01 -7.120119e-02 -2.829860e-01
8.600000e-01 -6.450000e-01 -3.346812e-01 2.544299e-01 8.600000e-01 -6.350000e-01 -3.395100e-01 2.581178e-01
-1.360000e+00 -6.350000e-01 -7.120119e-02 -2.829860e-01 -1.360000e+00 -6.250000e-01 -6.738041e-02 -2.811953e-01
8.600000e-01 -6.350000e-01 -3.395100e-01 2.581178e-01 8.650000e-01 -6.300000e-01 -3.387487e-01 2.574904e-01
8.650000e-01 -6.300000e-01 -3.387487e-01 2.574904e-01 8.700000e-01 -6.250000e-01 -3.379203e-01 2.568867e-01
-1.360000e+00 -6.250000e-01 -6.738041e-02 -2.811953e-01 -1.360000e+00 -6.150000e-01 -6.360112e-02 -2.794449e-01
8.700000e-01 -6.250000e-01 -3.379203e-01 2.568867e-01 8.750000e-01 -6.200000e-01 -3.370676e-01 2.562271e-01
8.750000e-01 -6.200000e-01 -3.370676e-01 2.562271e-01 8.800000e-01 -6.150000e-01 -3.361487e-01 2.555927e-01
-1.360000e+00 -6.150000e-01 -6.360112e-02 -2.794449e-01 -1.360000e+00 -6.050000e-01 -5.986427e-02 -2.777339e-01
8.800000e-01 -6.150000e-01 -3.361487e-01 2.555927e-01 8.850000e-01 -6.100000e-01 -3.352039e-01 2.549038e-01
8.850000e-01 -6.100000e-01 -3.352039e-01 2.549038e-01 8.900000e-01 -6.050000e-01 -3.341940e-01 2.542416e-01
-1.360000e+00 -6.050000e-01 -5.986427e-02 -2.777339e-01 -1.360000e+00 -5.950000e-01 -5.617057e-02 -2.760617e-01
8.900000e-01 -6.050000e-01 -3.341940e-01 2.542416e-01 8.900000e-01 -5.950000e-01 -3.388744e-01 2.574908e-01
-1.360000e+00 -5.950000e-01 -5.617057e-02 -2.760617e-01 -1.355000e+00 -5.900000e-01 -5.014179e-02 -2.734198e-01
-1.355000e+00 -5.900000e-01 -5.014179e-02 -2.734198e-01 -1.350000e+00 -5.850000e-01 -4.410586e-02 -2.707771e-01
8.900000e-01 -5.950000e-01 -3.388744e-01 2.574908e-01 8.950000e-01 -5.900000e-01 -3.378084e-01 2.567219e-01
8.950000e-01 -5.900000e-01 -3.378084e-01 2.567219e-01 9.000000e-01 -5.850000e-01 -3.366780e-01 2.559827e-01
-1.350000e+00 -5.850000e-01 -4.410586e-02 -2.707771e-01 -1.350000e+00 -5.750000e-01 -4.045508e-02 -2.692259e-01
9.000000e-01 -5.850000e-01 -3.366780e-01 2.559827e-01 9.050000e-01 -5.800000e-01 -3.355174e-01 2.551914e-01
9.050000e-01 -5.800000e-01 -3.355174e-01 2.551914e-01 9.100000e-01 -5.750000e-01 -3.342938e-01 2.544312e-01
-1.350000e+00 -5.750000e-01 -4.045508e-02 -2.692259e-01 -1.350000e+00 -5.650000e-01 -3.685031e-02 -2.677121e-01
9.100000e-01 -5.750000e-01 -3.342938e-01 2.544312e-01 9.100000e-01 -5.650000e-01 -3.388483e-01 2.573639e-01
-1.350000e+00 -5.650000e-01 -3.685031e-02 -2.677121e-01 -1.350000e+00 -5.550000e-01 -3.329263e-02 -2.662349e-01
9.100000e-01 -5.650000e-01 -3.388483e-01 2.573639e-01 9.150000e-01 -5.600000e-01 -3.375603e-01 2.565028e-01
9.150000e-01 -5.600000e-01 -3.375603e-01 2.565028e-01 9.200000e-01 -5.550000e-01 -3.362103e-01 2.556753e-01
-1.350000e+00 -5.550000e-01 -3.329263e-02 -2.662349e-01 -1.350000e+00 -5.450000e-01 -2.978287e-02 -2.647937e-01
9.200000e-01 -5.550000e-01 -3.362103e-01 2.556753e-01 9.250000e-01 -5.500000e-01 -3.348261e-01 2.547990e-01
9.250000e-01 -5.500000e-01 -3.348261e-01 2.547990e-01 9.300000e-01 -5.450000e-01 -3.333812e-01 2.539575e-01
-1.350000e+00 -5.450000e-01 -2.978287e-02 -2.647937e-01 -1.350000e+00 -5.350000e-01 -2.632174e-02 -2.633875e-01
9.300000e-01 -5.450000e-01 -3.333812e-01 2.539575e-01 9.300000e-01 -5.350000e-01 -3.377875e-01 2.565859e-01
-1.350000e+00 -5.350000e-01 -2.632174e-02 -2.633875e-01 -1.350000e+00 -5.250000e-01 -2.291009e-02 -2.620155e-01
9.300000e-01 -5.350000e-01 -3.377875e-01 2.565859e-01 9.350000e-01 -5.300000e-01 -3.362706e-01 2.556503e-01
9.350000e-01 -5.300000e-01 -3.362706e-01 2.556503e-01 9.400000e-01 -5.250000e-01 -3.346947e-01 2.547519e-01
-1.350000e+00 -5.250000e-01 -2.291009e-02 -2.620155e-01 -1.345000e+00 -5.200000e-01 -1.688168e-02 -2.596657e-01
-1.345000e+00 -5.200000e-01 -1.688168e-02 -2.596657e-01 -1.340000e+00 -5.150000e-01 -1.084444e-02 -2.573190e-01
9.400000e-01 -5.250000e-01 -3.346947e-01 2.547519e-01 9.450000e-01 -5.200000e-01 -3.330809e-01 2.538082e-01
9.450000e-01 -5.200000e-01 -3.330809e-01 2.538082e-01 9.500000e-01 -5.150000e-01 -3.314095e-01 2.529030e-01
-1.340000e+00 -5.150000e-01 -1.084444e-02 -2.573190e-01 -1.340000e+00 -5.050000e-01 -7.490125e-03 -2.560647e-01
9.500000e-01 -5.150000e-01 -3.314095e-01 2.529030e-01 9.500000e-01 -5.050000e-01 -3.356461e-01 2.552416e-01
-1.340000e+00 -5.050000e-01 -7.490125e-03 -2.560647e-01 -1.340000e+00 -4.950000e-01 -4.188147e-03 -2.548429e-01
9.500000e-01 -5.050000e-01 -3.356461e-01 2.552416e-01 9.550000e-01 -5.000000e-01 -3.338956e-01 2.542496e-01
9.550000e-01 -5.000000e-01 -3.338956e-01 2.542496e-01 9.600000e-01 -4.950000e-01 -3.320892e-01 2.532982e-01
-1.340000e+00 -4.950000e-01 -4.188147e-03 -2.548429e-01 -1.340000e+00 -4.850000e-01 -9.396935e-04 -2.536526e-01
9.600000e-01 -4.950000e-01 -3.320892e-01 2.532982e-01 9.650000e-01 -4.900000e-01 -3.302418e-01 2.523054e-01
9.650000e-01 -4.900000e-01 -3.302418e-01 2.523054e-01 9.700000e-01 -4.850000e-01 -3.283398e-01 2.513541e-01
-1.340000e+00 -4.850000e-01 -9.396935e-04 -2.536526e-01 -1.340000e+00 -4.750000e-01 2.254758e-03 -2.524928e-01
9.700000e-01 -4.850000e-01 -3.283398e-01 2.513541e-01 9.700000e-01 -4.750000e-01 -3.323874e-01 2.534195e-01
-1.340000e+00 -4.750000e-01 2.254758e-03 -2.524928e-01 -1.340000e+00 -4.650000e-01 5.394373e-03 -2.513627e-01
9.700000e-01 -4.750000e-01 -3.323874e-01 2.534195e-01 9.750000e-01 -4.700000e-01 -3.304004e-01 2.523897e-01
9.750000e-01 -4.700000e-01 -3.304004e-01 2.523897e-01 9.800000e-01 -4.650000e-01 -3.283608e-01 2.514032e-01
-1.340000e+00 -4.650000e-01 5.394373e-03 -2.513627e-01 -1.335000e+00 -4.600000e-01 1.140193e-02 -2.492700e-01
-1.335000e+00 -4.600000e-01 1.140193e-02 -2.492700e-01 -1.330000e+00 -4.550000e-01 1.741926e-02 -2.471843e-01
9.800000e-01 -4.650000e-01 -3.283608e-01 2.514032e-01 9.850000e-01 -4.600000e-01 -3.262774e-01 2.503795e-01
9.850000e-01 -4.600000e-01 -3.262774e-01 2.503795e-01 9.900000e-01 -4.550000e-01 -3.241429e-01 2.494001e-01
-1.330000e+00 -4.550000e-01 1.741926e-02 -2.471843e-01 -1.330000e+00 -4.450000e-01 2.048890e-02 -2.461675e-01
9.900000e-01 -4.550000e-01 -3.241429e-01 2.494001e-01 9.900000e-01 -4.450000e-01 -3.279837e-01 2.512109e-01
-1.330000e+00 -4.450000e-01 2.048890e-02 -2.461675e-01 -1.330000e+00 -4.350000e-01 2.350060e-02 -2.451781e-01
9.900000e-01 -4.450000e-01 -3.279837e-01 2.512109e-01 9.950000e-01 -4.400000e-01 -3.257592e-01 2.501613e-01
9.950000e-01 -4.400000e-01 -3.257592e-01 2.501613e-01 1.000000e+00 -4.350000e-01 -3.234856e-01 2.491577e-01
-1.330000e+00 -4.350000e-01 2.350060e-02 -2.451781e-01 -1.330000e+00 -4.250000e-01 2.645378e-02 -2.442151e-01
1.000000e+00 -4.350000e-01 -3.234856e-01 2.491577e-01 1.000000e+00 -4.250000e-01 -3.271980e-01 2.507969e-01
-1.330000e+00 -4.250000e-01 2.645378e-02 -2.442151e-01 -1.330000e+00 -4.150000e-01 2.934782e-02 -2.432773e-01
1.000000e+00 -4.250000e-01 -3.271980e-01 2.507969e-01 1.005000e+00 -4.200000e-01 -3.248310e-01 2.497285e-01
1.005000e+00 -4.200000e-01 -3.248310e-01 2.497285e-01 1.010000e+00 -4.150000e-01 -3.224172e-01 2.487075e-01
-1.330000e+00 -4.150000e-01 2.934782e-02 -2.432773e-01 -1.330000e+00 -4.050000e-01 3.218166e-02 -2.423638e-01
1.010000e+00 -4.150000e-01 -3.224172e-01 2.487075e-01 1.015000e+00 -4.100000e-01 -3.199558e-01 2.476564e-01
1.015000e+00 -4.100000e-01 -3.199558e-01 2.476564e-01 1.020000e+00 -4.050000e-01 -3.174493e-01 2.466532e-01
-1.330000e+00 -4.050000e-01 3.218166e-02 -2.423638e-01 -1.325000e+00 -4.000000e-01 3.814631e-02 -2.405320e-01
-1.325000e+00 -4.000000e-01 3.814631e-02 -2.405320e-01 -1.320000e+00 -3.950000e-01 4.412120e-02 -2.387110e-01
1.020000e+00 -4.050000e-01 -3.174493e-01 2.466532e-01 1.020000e+00 -3.950000e-01 -3.209293e-01 2.480699e-01
-1.320000e+00 -3.950000e-01 4.412120e-02 -2.387110e-01 -1.320000e+00 -3.850000e-01 4.687207e-02 -2.379047e-01
1.020000e+00 -3.950000e-01 -3.209293e-01 2.480699e-01 1.025000e+00 -3.900000e-01 -3.183256e-01 2.470111e-01
1.025000e+00 -3.900000e-01 -3.183256e-01 2.470111e-01 1.030000e+00 -3.850000e-01 -3.156793e-01 2.460014e-01
-1.320000e+00 -3.850000e-01 4.687207e-02 -2.379047e-01 -1.320000e+00 -3.750000e-01 4.956024e-02 -2.371199e-01
1.030000e+00 -3.850000e-01 -3.156793e-01 2.460014e-01 1.030000e+00 -3.750000e-01 -3.190145e-01 2.472659e-01
-1.320000e+00 -3.750000e-01 4.956024e-02 -2.371199e-01 -1.320000e+00 -3.650000e-01 5.218511e-02 -2.363555e-01
1.030000e+00 -3.750000e-01 -3.190145e-01 2.472659e-01 1.035000e+00 -3.700000e-01 -3.162685e-01 2.462062e-01
1.035000e+00 -3.700000e-01 -3.162685e-01 2.462062e-01 1.040000e+00 -3.650000e-01 -3.134822e-01 2.451967e-01
-1.320000e+00 -3.650000e-01 5.218511e-02 -2.363555e-01 -1.315000e+00 -3.600000e-01 5.811125e-02 -2.347025e-01
-1.315000e+00 -3.600000e-01 5.811125e-02 -2.347025e-01 -1.310000e+00 -3.550000e-01 6.404811e-02 -2.330632e-01
1.040000e+00 -3.650000e-01 -3.134822e-01 2.451967e-01 1.045000e+00 -3.600000e-01 -3.106455e-01 2.441646e-01
1.045000e+00 -3.600000e-01 -3.106455e-01 2.441646e-01 1.050000e+00 -3.550000e-01 -3.077702e-01 2.431829e-01
-1.310000e+00 -3.550000e-01 6.404811e-02 -2.330632e-01 -1.310000e+00 -3.450000e-01 6.658095e-02 -2.324014e-01
1.050000e+00 -3.550000e-01 -3.077702e-01 2.431829e-01 1.050000e+00 -3.450000e-01 -3.108531e-01 2.442605e-01
-1.310000e+00 -3.450000e-01 6.658095e-02 -2.324014e-01 -1.310000e+00 -3.350000e-01 6.904763e-02 -2.317571e-01
1.050000e+00 -3.450000e-01 -3.108531e-01 2.442605e-01 1.055000e+00 -3.400000e-01 -3.078761e-01 2.432381e-01
1.055000e+00 -3.400000e-01 -3.078761e-01 2.432381e-01 1.060000e+00 -3.350000e-01 -3.048627e-01 2.422669e-01
-1.310000e+00 -3.350000e-01 6.904763e-02 -2.317571e-01 -1.310000e+00 -3.250000e-01 7.144779e-02 -2.311289e-01
1.060000e+00 -3.350000e-01 -3.048627e-01 2.422669e-01 1.060000e+00 -3.250000e-01 -3.077881e-01 2.432139e-01
-1.310000e+00 -3.250000e-01 7.144779e-02 -2.311289e-01 -1.305000e+00 -3.200000e-01 7.732422e-02 -2.296559e-01
-1.305000e+00 -3.200000e-01 7.732422e-02 -2.296559e-01 -1.300000e+00 -3.150000e-01 8.321161e-02 -2.281994e-01
1.060000e+00 -3.250000e-01 -3.077881e-01 2.432139e-01 1.065000e+00 -3.200000e-01 -3.046717e-01 2.422079e-01
1.065000e+00 -3.200000e-01 -3.046717e-01 2.422079e-01 1.070000e+00 -3.150000e-01 -3.015214e-01 2.412537e-01
-1.300000e+00 -3.150000e-01 8.321161e-02 -2.281994e-01 -1.300000e+00 -3.050000e-01 8.551080e-02 -2.276683e-01
1.070000e+00 -3.150000e-01 -3.015214e-01 2.412537e-01 1.070000e+00 -3.050000e-01 -3.042849e-01 2.420784e-01
-1.300000e+00 -3.050000e-01 8.551080e-02 -2.276683e-01 -1.300000e+00 -2.950000e-01 8.774085e-02 -2.271502e-01
1.070000e+00 -3.050000e-01 -3.042849e-01 2.420784e-01 1.075000e+00 -3.000000e-01 -3.010304e-01 2.410952e-01
1.075000e+00 -3.000000e-01 -3.010304e-01 2.410952e-01 1.080000e+00 -2.950000e-01 -2.977446e-01 2.401643e-01
-1.300000e+00 -2.950000e-01 8.774085e-02 -2.271502e-01 -1.300000e+00 -2.850000e-01 8.990140e-02 -2.266438e-01
1.080000e+00 -2.950000e-01 -2.977446e-01 2.401643e-01 1.080000e+00 -2.850000e-01 -3.003420e-01 2.408753e-01
-1.300000e+00 -2.850000e-01 8.990140e-02 -2.266438e-01 -1.295000e+00 -2.800000e-01 9.571655e-02 -2.253506e-01
-1.295000e+00 -2.800000e-01 9.571655e-02 -2.253506e-01 -1.290000e+00 -2.750000e-01 1.015424e-01 -2.240769e-01
1.080000e+00 -2.850000e-01 -3.003420e-01 2.408753e-01 1.085000e+00 -2.800000e-01 -2.969513e-01 2.399213e-01
1.085000e+00 -2.800000e-01 -2.969513e-01 2.399213e-01 1.090000e+00 -2.750000e-01 -2.935316e-01 2.390197e-01
-1.290000e+00 -2.750000e-01 1.015424e-01 -2.240769e-01 -1.290000e+00 -2.650000e-01 1.035931e-01 -2.236611e-01
1.090000e+00 -2.750000e-01 -2.935316e-01 2.390197e-01 1.095000e+00 -2.700000e-01 -2.900596e-01 2.381089e-01
1.095000e+00 -2.700000e-01 -2.900596e-01 2.381089e-01 1.100000e+00 -2.650000e-01 -2.865601e-01 2.372501e-01
-1.290000e+00 -2.650000e-01 1.035931e-01 -2.236611e-01 -1.290000e+00 -2.550000e-01 1.055717e-01 -2.232533e-01
1.100000e+00 -2.650000e-01 -2.865601e-01 2.372501e-01 1.100000e+00 -2.550000e-01 -2.888835e-01 2.378406e-01
-1.290000e+00 -2.550000e-01 1.055717e-01 -2.232533e-01 -1.290000e+00 -2.450000e-01 1.074780e-01 -2.228523e-01
1.100000e+00 -2.550000e-01 -2.888835e-01 2.378406e-01 1.105000e+00 -2.500000e-01 -2.852795e-01 2.369679e-01
1.105000e+00 -2.500000e-01 -2.852795e-01 2.369679e-01 1.110000e+00 -2.450000e-01 -2.816507e-01 2.361473e-01
-1.290000e+00 -2.450000e-01 1.074780e-01 -2.228523e-01 -1.285000e+00 -2.400000e-01 1.132197e-01 -2.217377e-01
-1.285000e+00 -2.400000e-01 1.132197e-01 -2.217377e-01 -1.280000e+00 -2.350000e-01 1.189716e-01 -2.206456e-01
1.110000e+00 -2.450000e-01 -2.816507e-01 2.361473e-01 1.110000e+00 -2.350000e-01 -2.838019e-01 2.366476e-01
-1.280000e+00 -2.350000e-01 1.189716e-01 -2.206456e-01 -1.280000e+00 -2.250000e-01 1.207595e-01 -2.203277e-01
1.110000e+00 -2.350000e-01 -2.838019e-01 2.366476e-01 1.115000e+00 -2.300000e-01 -2.800689e-01 2.358186e-01
1.115000e+00 -2.300000e-01 -2.800689e-01 2.358186e-01 1.120000e+00 -2.250000e-01 -2.763132e-01 2.350417e-01
-1.280000e+00 -2.250000e-01 1.207595e-01 -2.203277e-01 -1.280000e+00 -2.150000e-01 1.224727e-01 -2.200127e-01
1.120000e+00 -2.250000e-01 -2.763132e-01 2.350417e-01 1.120000e+00 -2.150000e-01 -2.782904e-01 2.354606e-01
-1.280000e+00 -2.150000e-01 1.224727e-01 -2.200127e-01 -1.275000e+00 -2.100000e-01 1.281534e-01 -2.190366e-01
-1.275000e+00 -2.100000e-01 1.281534e-01 -2.190366e-01 -1.270000e+00 -2.050000e-01 1.338438e-01 -2.180854e-01
1.120000e+00 -2.150000e-01 -2.782904e-01 2.354606e-01 1.125000e+00 -2.100000e-01 -2.744309e-01 2.346808e-01
1.125000e+00 -2.100000e-01 -2.744309e-01 2.346808e-01 1.130000e+00 -2.050000e-01 -2.705511e-01 2.339527e-01
-1.270000e+00 -2.050000e-01 1.338438e-01 -2.180854e-01 -1.270000e+00 -1.950000e-01 1.354320e-01 -2.178476e-01
1.130000e+00 -2.050000e-01 -2.705511e-01 2.339527e-01 1.130000e+00 -1.950000e-01 -2.723526e-01 2.342991e-01
-1.270000e+00 -1.950000e-01 1.354320e-01 -2.178476e-01 -1.270000e+00 -1.850000e-01 1.369440e-01 -2.176087e-01
1.130000e+00 -1.950000e-01 -2.723526e-01 2.342991e-01 1.135000e+00 -1.900000e-01 -2.683699e-01 2.335736e-01
1.135000e+00 -1.900000e-01 -2.683699e-01 2.335736e-01 1.140000e+00 -1.850000e-01 -2.643692e-01 2.328994e-01
-1.270000e+00 -1.850000e-01 1.369440e-01 -2.176087e-01 -1.265000e+00 -1.800000e-01 1.425562e-01 -2.167702e-01
-1.265000e+00 -1.800000e-01 1.425562e-01 -2.167702e-01 -1.260000e+00 -1.750000e-01 1.481771e-01 -2.159590e-01
1.140000e+00 -1.850000e-01 -2.643692e-01 2.328994e-01 1.140000e+00 -1.750000e-01 -2.659942e-01 2.331823e-01
-1.260000e+00 -1.750000e-01 1.481771e-01 -2.159590e-01 -1.260000e+00 -1.650000e-01 1.495573e-01 -2.157907e-01
1.140000e+00 -1.750000e-01 -2.659942e-01 2.331823e-01 1.145000e+00 -1.700000e-01 -2.618916e-01 2.325159e-01
1.145000e+00 -1.700000e-01 -2.618916e-01 2.325159e-01 1.150000e+00 -1.650000e-01 -2.577731e-01 2.319002e-01
-1.260000e+00 -1.650000e-01 1.495573e-01 -2.157907e-01 -1.260000e+00 -1.550000e-01 1.508598e-01 -2.156171e-01
1.150000e+00 -1.650000e-01 -2.577731e-01 2.319002e-01 1.150000e+00 -1.550000e-01 -2.592211e-01 2.321283e-01
-1.260000e+00 -1.550000e-01 1.508598e-01 -2.156171e-01 -1.255000e+00 -1.500000e-01 1.563955e-01 -2.149148e-01
-1.255000e+00 -1.500000e-01 1.563955e-01 -2.149148e-01 -1.250000e+00 -1.450000e-01 1.619391e-01 -2.142420e-01
1.150000e+00 -1.550000e-01 -2.592211e-01 2.321283e-01 1.155000e+00 -1.500000e-01 -2.550021e-01 2.315256e-01
1.155000e+00 -1.500000e-01 -2.550021e-01 2.315256e-01 1.160000e+00 -1.450000e-01 -2.507695e-01 2.309728e-01
-1.250000e+00 -1.450000e-01 1.619391e-01 -2.142420e-01 -1.250000e+00 -1.350000e-01 1.631036e-01 -2.141320e-01
1.160000e+00 -1.450000e-01 -2.507695e-01 2.309728e-01 1.160000e+00 -1.350000e-01 -2.520405e-01 2.311549e-01
-1.250000e+00 -1.350000e-01 1.631036e-01 -2.141320e-01 -1.250000e+00 -1.250000e-01 1.641886e-01 -2.140122e-01
1.160000e+00 -1.350000e-01 -2.520405e-01 2.311549e-01 1.160000e+00 -1.250000e-01 -2.532332e-01 2.312778e-01
-1.250000e+00 -1.250000e-01 1.641886e-01 -2.140122e-01 -1.245000e+00 -1.200000e-01 1.696401e-01 -2.134438e-01
-1.245000e+00 -1.200000e-01 1.696401e-01 -2.134438e-01 -1.240000e+00 -1.150000e-01 1.750984e-01 -2.129073e-01
1.160000e+00 -1.250000e-01 -2.532332e-01 2.312778e-01 1.165000e+00 -1.200000e-01 -2.488522e-01 2.307539e-01
1.165000e+00 -1.200000e-01 -2.488522e-01 2.307539e-01 1.170000e+00 -1.150000e-01 -2.444604e-01 2.302789e-01
-1.240000e+00 -1.150000e-01 1.750984e-01 -2.129073e-01 -1.240000e+00 -1.050000e-01 1.760396e-01 -2.128433e-01
1.170000e+00 -1.150000e-01 -2.444604e-01 2.302789e-01 1.170000e+00 -1.050000e-01 -2.454755e-01 2.303681e-01
-1.240000e+00 -1.050000e-01 1.760396e-01 -2.128433e-01 -1.240000e+00 -9.500000e-02 1.769002e-01 -2.127648e-01
1.170000e+00 -1.050000e-01 -2.454755e-01 2.303681e-01 1.175000e+00 -1.000000e-01 -2.409868e-01 2.299184e-01
1.175000e+00 -1.000000e-01 -2.409868e-01 2.299184e-01 1.180000e+00 -9.500000e-02 -2.364891e-01 2.295166e-01
-1.240000e+00 -9.500000e-02 1.769002e-01 -2.127648e-01 -1.235000e+00 -9.000000e-02 1.822593e-01 -2.123276e-01
-1.235000e+00 -9.000000e-02 1.822593e-01 -2.123276e-01 -1.230000e+00 -8.500000e-02 1.876242e-01 -2.119245e-01
1.180000e+00 -9.500000e-02 -2.364891e-01 2.295166e-01 1.180000e+00 -8.500000e-02 -2.373281e-01 2.295804e-01
-1.230000e+00 -8.500000e-02 1.876242e-01 -2.119245e-01 -1.230000e+00 -7.500000e-02 1.883352e-01 -2.118934e-01
1.180000e+00 -8.500000e-02 -2.373281e-01 2.295804e-01 1.185000e+00 -8.000000e-02 -2.327357e-01 2.292083e-01
1.185000e+00 -8.000000e-02 -2.327357e-01 2.292083e-01 1.190000e+00 -7.500000e-02 -2.281364e-01 2.288831e-01
-1.230000e+00 -7.500000e-02 1.883352e-01 -2.118934e-01 -1.230000e+00 -6.500000e-02 1.889649e-01 -2.118432e-01
1.190000e+00 -7.500000e-02 -2.281364e-01 2.288831e-01 1.190000e+00 -6.500000e-02 -2.288006e-01 2.289297e-01
-1.230000e+00 -6.500000e-02 1.889649e-01 -2.118432e-01 -1.225000e+00 -6.000000e-02 1.942238e-01 -2.115335e-01
-1.225000e+00 -6.000000e-02 1.942238e-01 -2.115335e-01 -1.220000e+00 -5.500000e-02 1.994870e-01 -2.112601e-01
1.190000e+00 -6.500000e-02 -2.288006e-01 2.289297e-01 1.195000e+00 -6.000000e-02 -2.241089e-01 2.286386e-01
1.195000e+00 -6.000000e-02 -2.241089e-01 2.286386e-01 1.200000e+00 -5.500000e-02 -2.194119e-01 2.283930e-01
-1.220000e+00 -5.500000e-02 1.994870e-01 -2.112601e-01 -1.220000e+00 -4.500000e-02 1.999620e-01 -2.112484e-01
1.200000e+00 -5.500000e-02 -2.194119e-01 2.283930e-01 1.200000e+00 -4.500000e-02 -2.199034e-01 2.284303e-01
-1.220000e+00 -4.500000e-02 1.999620e-01 -2.112484e-01 -1.220000e+00 -3.500000e-02 2.003551e-01 -2.112124e-01
1.200000e+00 -4.500000e-02 -2.199034e-01 2.284303e-01 1.200000e+00 -3.500000e-02 -2.203126e-01 2.284248e-01
-1.220000e+00 -3.500000e-02 2.003551e-01 -2.112124e-01 -1.215000e+00 -3.000000e-02 2.055058e-01 -2.110260e-01
-1.215000e+00 -3.000000e-02 2.055058e-01 -2.110260e-01 -1.210000e+00 -2.500000e-02 2.106589e-01 -2.108780e-01
1.200000e+00 -3.500000e-02 -2.203126e-01 2.284248e-01 1.205000e+00 -3.000000e-02 -2.154813e-01 2.282382e-01
1.205000e+00 -3.000000e-02 -2.154813e-01 2.282382e-01 1.210000e+00 -2.500000e-02 -2.106471e-01 2.280956e-01
-1.210000e+00 -2.500000e-02 2.106589e-01 -2.108780e-01 -1.210000e+00 -1.500000e-02 2.108928e-01 -2.108710e-01
1.210000e+00 -2.500000e-02 -2.106471e-01 2.280956e-01 1.210000e+00 -1.500000e-02 -2.108860e-01 2.280922e-01
-1.210000e+00 -1.500000e-02 2.108928e-01 -2.108710e-01 -1.205000e+00 -1.000000e-02 2.159673e-01 -2.107771e-01
-1.205000e+00 -1.000000e-02 2.159673e-01 -2.107771e-01 -1.200000e+00 -5.000000e-03 2.210433e-01 -2.107233e-01
1.210000e+00 -1.500000e-02 -2.108860e-01 2.280922e-01 1.215000e+00 -1.000000e-02 -2.059652e-01 2.279937e-01
1.215000e+00 -1.000000e-02 -2.059652e-01 2.279937e-01 1.220000e+00 -5.000000e-03 -2.010432e-01 2.279378e-01
-1.200000e+00 -5.000000e-03 2.210433e-01 -2.107233e-01 -1.200000e+00 5.000000e-03 2.211144e-01 -2.107388e-01
1.220000e+00 -5.000000e-03 -2.010432e-01 2.279378e-01 1.220000e+00 5.000000e-03 -2.011143e-01 2.279439e-01
-1.200000e+00 5.000000e-03 2.211144e-01 -2.107388e-01 -1.200000e+00 1.500000e-02 2.211029e-01 -2.107216e-01
1.220000e+00 5.000000e-03 -2.011143e-01 2.279439e-01 1.225000e+00 1.000000e-02 -1.961085e-01 2.279358e-01
1.225000e+00 1.000000e-02 -1.961085e-01 2.279358e-01 1.230000e+00 1.500000e-02 -1.911030e-01 2.279687e-01
-1.200000e+00 1.500000e-02 2.211029e-01 -2.107216e-01 -1.195000e+00 2.000000e-02 2.260556e-01 -2.107427e-01
-1.195000e+00 2.000000e-02 2.260556e-01 -2.107427e-01 -1.190000e+00 2.500000e-02 2.310074e-01 -2.108057e-01
1.230000e+00 1.500000e-02 -1.911030e-01 2.279687e-01 1.230000e+00 2.500000e-02 -1.910095e-01 2.279912e-01
-1.190000e+00 2.500000e-02 2.310074e-01 -2.108057e-01 -1.190000e+00 3.500000e-02 2.308295e-01 -2.108005e-01
1.230000e+00 2.500000e-02 -1.910095e-01 2.279912e-01 1.230000e+00 3.500000e-02 -1.908336e-01 2.279833e-01
-1.190000e+00 3.500000e-02 2.308295e-01 -2.108005e-01 -1.185000e+00 4.000000e-02 2.356960e-01 -2.109091e-01
-1.185000e+00 4.000000e-02 2.356960e-01 -2.109091e-01 -1.180000e+00 4.500000e-02 2.405604e-01 -2.110610e-01
1.230000e+00 3.500000e-02 -1.908336e-01 2.279833e-01 1.235000e+00 4.000000e-02 -1.857077e-01 2.280943e-01
1.235000e+00 4.000000e-02 -1.857077e-01 2.280943e-01 1.240000e+00 4.500000e-02 -1.805837e-01 2.282445e-01
-1.180000e+00 4.500000e-02 2.405604e-01 -2.110610e-01 -1.180000e+00 5.500000e-02 2.402130e-01 -2.110606e-01
1.240000e+00 4.500000e-02 -1.805837e-01 2.282445e-01 1.240000e+00 5.500000e-02 -1.802471e-01 2.282633e-01
-1.180000e+00 5.500000e-02 2.402130e-01 -2.110606e-01 -1.180000e+00 6.500000e-02 2.397838e-01 -2.110187e-01
1.240000e+00 5.500000e-02 -1.802471e-01 2.282633e-01 1.240000e+00 6.500000e-02 -1.798282e-01 2.282567e-01
-1.180000e+00 6.500000e-02 2.397838e-01 -2.110187e-01 -1.175000e+00 7.000000e-02 2.445151e-01 -2.112316e-01
-1.175000e+00 7.000000e-02 2.445151e-01 -2.112316e-01 -1.170000e+00 7.500000e-02 2.492420e-01 -2.114896e-01
1.240000e+00 6.500000e-02 -1.798282e-01 2.282567e-01 1.245000e+00 7.000000e-02 -1.745900e-01 2.284923e-01
1.245000e+00 7.000000e-02 -1.745900e-01 2.284923e-01 1.250000e+00 7.500000e-02 -1.693556e-01 2.287649e-01
-1.170000e+00 7.500000e-02 2.492420e-01 -2.114896e-01 -1.170000e+00 8.500000e-02 2.486410e-01 -2.114413e-01
1.250000e+00 7.500000e-02 -1.693556e-01 2.287649e-01 1.250000e+00 8.500000e-02 -1.687806e-01 2.287947e-01
-1.170000e+00 8.500000e-02 2.486410e-01 -2.114413e-01 -1.165000e+00 9.000000e-02 2.532763e-01 -2.117349e-01
-1.165000e+00 9.000000e-02 2.532763e-01 -2.117349e-01 -1.160000e+00 9.500000e-02 2.579054e-01 -2.120747e-01
1.250000e+00 8.500000e-02 -1.687806e-01 2.287947e-01 1.255000e+00 9.000000e-02 -1.634737e-01 2.291279e-01
1.255000e+00 9.000000e-02 -1.634737e-01 2.291279e-01 1.260000e+00 9.500000e-02 -1.581716e-01 2.294965e-01
-1.160000e+00 9.500000e-02 2.579054e-01 -2.120747e-01 -1.160000e+00 1.050000e-01 2.571307e-01 -2.120122e-01
1.260000e+00 9.500000e-02 -1.581716e-01 2.294965e-01 1.260000e+00 1.050000e-01 -1.574445e-01 2.295685e-01
-1.160000e+00 1.050000e-01 2.571307e-01 -2.120122e-01 -1.155000e+00 1.100000e-01 2.616659e-01 -2.123833e-01
-1.155000e+00 1.100000e-01 2.616659e-01 -2.123833e-01 -1.150000e+00 1.150000e-01 2.661930e-01 -2.128019e-01
1.260000e+00 1.050000e-01 -1.574445e-01 2.295685e-01 1.260000e+00 1.150000e-01 -1.566362e-01 2.296234e-01
-1.150000e+00 1.150000e-01 2.661930e-01 -2.128019e-01 -1.150000e+00 1.250000e-01 2.652427e-01 -2.127171e-01
1.260000e+00 1.150000e-01 -1.566362e-01 2.296234e-01 1.265000e+00 1.200000e-01 -1.512314e-01 2.300876e-01
1.265000e+00 1.200000e-01 -1.512314e-01 2.300876e-01 1.270000e+00 1.250000e-01 -1.458326e-01 2.305850e-01
-1.150000e+00 1.250000e-01 2.652427e-01 -2.127171e-01 -1.145000e+00 1.300000e-01 2.696738e-01 -2.131625e-01
-1.145000e+00 1.300000e-01 2.696738e-01 -2.131625e-01 -1.140000e+00 1.350000e-01 2.740947e-01 -2.136566e-01
1.270000e+00 1.250000e-01 -1.458326e-01 2.305850e-01 1.270000e+00 1.350000e-01 -1.448777e-01 2.306909e-01
-1.140000e+00 1.350000e-01 2.740947e-01 -2.136566e-01 -1.140000e+00 1.450000e-01 2.729674e-01 -2.135410e-01
1.270000e+00 1.350000e-01 -1.448777e-01 2.306909e-01 1.270000e+00 1.450000e-01 -1.438427e-01 2.307842e-01
-1.140000e+00 1.450000e-01 2.729674e-01 -2.135410e-01 -1.135000e+00 1.500000e-01 2.772903e-01 -2.140573e-01
-1.135000e+00 1.500000e-01 2.772903e-01 -2.140573e-01 -1.130000e+00 1.550000e-01 2.816013e-01 -2.146231e-01
1.270000e+00 1.450000e-01 -1.438427e-01 2.307842e-01 1.275000e+00 1.500000e-01 -1.383480e-01 2.313829e-01
1.275000e+00 1.500000e-01 -1.383480e-01 2.313829e-01 1.280000e+00 1.550000e-01 -1.328606e-01 2.320124e-01
-1.130000e+00 1.550000e-01 2.816013e-01 -2.146231e-01 -1.130000e+00 1.650000e-01 2.802962e-01 -2.144684e-01
1.280000e+00 1.550000e-01 -1.328606e-01 2.320124e-01 1.280000e+00 1.650000e-01 -1.316846e-01 2.321648e-01
-1.130000e+00 1.650000e-01 2.802962e-01 -2.144684e-01 -1.130000e+00 1.750000e-01 2.789136e-01 -2.142522e-01
1.280000e+00 1.650000e-01 -1.316846e-01 2.321648e-01 1.280000e+00 1.750000e-01 -1.304300e-01 2.323092e-01
-1.130000e+00 1.750000e-01 2.789136e-01 -2.142522e-01 -1.125000e+00 1.800000e-01 2.830747e-01 -2.148421e-01
-1.125000e+00 1.800000e-01 2.830747e-01 -2.148421e-01 -1.120000e+00 1.850000e-01 2.872208e-01 -2.154824e-01
1.280000e+00 1.750000e-01 -1.304300e-01 2.323092e-01 1.285000e+00 1.800000e-01 -1.248535e-01 2.330449e-01
1.285000e+00 1.800000e-01 -1.248535e-01 2.330449e-01 1.290000e+00 1.850000e-01 -1.192854e-01 2.338091e-01
-1.120000e+00 1.850000e-01 2.872208e-01 -2.154824e-01 -1.120000e+00 1.950000e-01 2.856613e-01 -2.152147e-01
1.290000e+00 1.850000e-01 -1.192854e-01 2.338091e-01 1.290000e+00 1.950000e-01 -1.178958e-01 2.340200e-01
-1.120000e+00 1.950000e-01 2.856613e-01 -2.152147e-01 -1.115000e+00 2.000000e-01 2.897062e-01 -2.158647e-01
-1.115000e+00 2.000000e-01 2.897062e-01 -2.158647e-01 -1.110000e+00 2.050000e-01 2.937337e-01 -2.165657e-01
1.290000e+00 1.950000e-01 -1.178958e-01 2.340200e-01 1.290000e+00 2.050000e-01 -1.164288e-01 2.342274e-01
-1.110000e+00 2.050000e-01 2.937337e-01 -2.165657e-01 -1.110000e+00 2.150000e-01 2.919978e-01 -2.162378e-01
1.290000e+00 2.050000e-01 -1.164288e-01 2.342274e-01 1.295000e+00 2.100000e-01 -1.107786e-01 2.351019e-01
1.295000e+00 2.100000e-01 -1.107786e-01 2.351019e-01 1.300000e+00 2.150000e-01 -1.051378e-01 2.360026e-01
-1.110000e+00 2.150000e-01 2.919978e-01 -2.162378e-01 -1.105000e+00 2.200000e-01 2.959228e-01 -2.169434e-01
-1.105000e+00 2.200000e-01 2.959228e-01 -2.169434e-01 -1.100000e+00 2.250000e-01 2.998284e-01 -2.177004e-01
1.300000e+00 2.150000e-01 -1.051378e-01 2.360026e-01 1.300000e+00 2.250000e-01 -1.035423e-01 2.362833e-01
-1.100000e+00 2.250000e-01 2.998284e-01 -2.177004e-01 -1.100000e+00 2.350000e-01 2.979168e-01 -2.173033e-01
1.300000e+00 2.250000e-01 -1.035423e-01 2.362833e-01 1.300000e+00 2.350000e-01 -1.018714e-01 2.365646e-01
-1.100000e+00 2.350000e-01 2.979168e-01 -2.173033e-01 -1.095000e+00 2.400000e-01 3.017190e-01 -2.180595e-01
-1.095000e+00 2.400000e-01 3.017190e-01 -2.180595e-01 -1.090000e+00 2.450000e-01 3.054995e-01 -2.188676e-01
1.300000e+00 2.350000e-01 -1.018714e-01 2.365646e-01 1.305000e+00 2.400000e-01 -9.615535e-02 2.375792e-01
1.305000e+00 2.400000e-01 -9.615535e-02 2.375792e-01 1.310000e+00 2.450000e-01 -9.044904e-02 2.386177e-01
-1.090000e+00 2.450000e-01 3.054995e-01 -2.188676e-01 -1.090000e+00 2.550000e-01 3.034133e-01 -2.183925e-01
1.310000e+00 2.450000e-01 -9.044904e-02 2.386177e-01 1.310000e+00 2.550000e-01 -8.865613e-02 2.389786e-01
-1.090000e+00 2.550000e-01 3.034133e-01 -2.183925e-01 -1.085000e+00 2.600000e-01 3.070898e-01 -2.191943e-01
-1.085000e+00 2.600000e-01 3.070898e-01 -2.191943e-01 -1.080000e+00 2.650000e-01 3.107423e-01 -2.200481e-01
1.310000e+00 2.550000e-01 -8.865613e-02 2.389786e-01 1.310000e+00 2.650000e-01 -8.678979e-02 2.393440e-01
-1.080000e+00 2.650000e-01 3.107423e-01 -2.200481e-01 -1.075000e+00 2.700000e-01 3.143425e-01 -2.208965e-01
-1.075000e+00 2.700000e-01 3.143425e-01 -2.208965e-01 -1.070000e+00 2.750000e-01 3.179170e-01 -2.217974e-01
1.310000e+00 2.650000e-01 -8.678979e-02 2.393440e-01 1.310000e+00 2.750000e-01 -8.485037e-02 2.397153e-01
-1.070000e+00 2.750000e-01 3.179170e-01 -2.217974e-01 -1.070000e+00 2.850000e-01 3.155534e-01 -2.212220e-01
1.310000e+00 2.750000e-01 -8.485037e-02 2.397153e-01 1.315000e+00 2.800000e-01 -7.905489e-02 2.409106e-01
1.315000e+00 2.800000e-01 -7.905489e-02 2.409106e-01 1.320000e+00 2.850000e-01 -7.326966e-02 2.421267e-01
-1.070000e+00 2.850000e-01 3.155534e-01 -2.212220e-01 -1.065000e+00 2.900000e-01 3.190227e-01 -2.221077e-01
-1.065000e+00 2.900000e-01 3.190227e-01 -2.221077e-01 -1.060000e+00 2.950000e-01 3.224642e-01 -2.230460e-01
1.320000e+00 2.850000e-01 -7.326966e-02 2.421267e-01 1.320000e+00 2.950000e-01 -7.121664e-02 2.425855e-01
-1.060000e+00 2.950000e-01 3.224642e-01 -2.230460e-01 -1.060000e+00 3.050000e-01 3.199303e-01 -2.223690e-01
1.320000e+00 2.950000e-01 -7.121664e-02 2.425855e-01 1.320000e+00 3.050000e-01 -6.909292e-02 2.430539e-01
-1.060000e+00 3.050000e-01 3.199303e-01 -2.223690e-01 -1.055000e+00 3.100000e-01 3.232668e-01 -2.232863e-01
-1.055000e+00 3.100000e-01 3.232668e-01 -2.232863e-01 -1.050000e+00 3.150000e-01 3.265727e-01 -2.242559e-01
1.320000e+00 3.050000e-01 -6.909292e-02 2.430539e-01 1.320000e+00 3.150000e-01 -6.689876e-02 2.435332e-01
-1.050000e+00 3.150000e-01 3.265727e-01 -2.242559e-01 -1.050000e+00 3.250000e-01 3.238718e-01 -2.234686e-01
1.320000e+00 3.150000e-01 -6.689876e-02 2.435332e-01 1.325000e+00 3.200000e-01 -6.103628e-02 2.449109e-01
1.325000e+00 3.200000e-01 -6.103628e-02 2.449109e-01 1.330000e+00 3.250000e-01 -5.518453e-02 2.463065e-01
-1.050000e+00 3.250000e-01 3.238718e-01 -2.234686e-01 -1.045000e+00 3.300000e-01 3.270734e-01 -2.244114e-01
-1.045000e+00 3.300000e-01 3.270734e-01 -2.244114e-01 -1.040000e+00 3.350000e-01 3.302421e-01 -2.254061e-01
1.330000e+00 3.250000e-01 -5.518453e-02 2.463065e-01 1.330000e+00 3.350000e-01 -5.288569e-02 2.468802e-01
-1.040000e+00 3.350000e-01 3.302421e-01 -2.254061e-01 -1.040000e+00 3.450000e-01 3.273778e-01 -2.244999e-01
1.330000e+00 3.350000e-01 -5.288569e-02 2.468802e-01 1.330000e+00 3.450000e-01 -5.051867e-02 2.474683e-01
-1.040000e+00 3.450000e-01 3.273778e-01 -2.244999e-01 -1.035000e+00 3.500000e-01 3.304432e-01 -2.254620e-01
-1.035000e+00 3.500000e-01 3.304432e-01 -2.254620e-01 -1.030000e+00 3.550000e-01 3.334732e-01 -2.264754e-01
1.330000e+00 3.450000e-01 -5.051867e-02 2.474683e-01 1.330000e+00 3.550000e-01 -4.808442e-02 2.480719e-01
-1.030000e+00 3.550000e-01 3.334732e-01 -2.264754e-01 -1.030000e+00 3.650000e-01 3.304498e-01 -2.254418e-01
1.330000e+00 3.550000e-01 -4.808442e-02 2.480719e-01 1.335000e+00 3.600000e-01 -4.216746e-02 2.496326e-01
1.335000e+00 3.600000e-01 -4.216746e-02 2.496326e-01 1.340000e+00 3.650000e-01 -3.626123e-02 2.512081e-01
-1.030000e+00 3.650000e-01 3.304498e-01 -2.254418e-01 -1.025000e+00 3.700000e-01 3.333777e-01 -2.264168e-01
-1.025000e+00 3.700000e-01 3.333777e-01 -2.264168e-01 -1.020000e+00 3.750000e-01 3.362678e-01 -2.274425e-01
1.340000e+00 3.650000e-01 -3.626123e-02 2.512081e-01 1.340000e+00 3.750000e-01 -3.373102e-02 2.519121e-01
-1.020000e+00 3.750000e-01 3.362678e-01 -2.274425e-01 -1.015000e+00 3.800000e-01 3.391073e-01 -2.284466e-01
-1.015000e+00 3.800000e-01 3.391073e-01 -2.284466e-01 -1.010000e+00 3.850000e-01 3.419073e-01 -2.295012e-01
1.340000e+00 3.750000e-01 -3.373102e-02 2.519121e-01 1.340000e+00 3.850000e-01 -3.113595e-02 2.526347e-01
-1.010000e+00 3.850000e-01 3.419073e-01 -2.295012e-01 -1.010000e+00 3.950000e-01 3.386295e-01 -2.282860e-01
1.340000e+00 3.850000e-01 -3.113595e-02 2.526347e-01 1.340000e+00 3.950000e-01 -2.847687e-02 2.533771e-01
-1.010000e+00 3.950000e-01 3.386295e-01 -2.282860e-01 -1.005000e+00 4.000000e-01 3.413292e-01 -2.292928e-01
-1.005000e+00 4.000000e-01 3.413292e-01 -2.292928e-01 -1.000000e+00 4.050000e-01 3.439872e-01 -2.303491e-01
1.340000e+00 3.950000e-01 -2.847687e-02 2.533771e-01 1.345000e+00 4.000000e-01 -2.251676e-02 2.551201e-01
1.345000e+00 4.000000e-01 -2.251676e-02 2.551201e-01 1.350000e+00 4.050000e-01 -1.656761e-02 2.568752e-01
-1.000000e+00 4.050000e-01 3.439872e-01 -2.303491e-01 -1.000000e+00 4.150000e-01 3.405625e-01 -2.289847e-01
1.350000e+00 4.050000e-01 -1.656761e-02 2.568752e-01 1.350000e+00 4.150000e-01 -1.382151e-02 2.577229e-01
-1.000000e+00 4.150000e-01 3.405625e-01 -2.289847e-01 -9.950000e-01 4.200000e-01 3.431225e-01 -2.299875e-01
-9.950000e-01 4.200000e-01 3.431225e-01 -2.299875e-01 -9.900000e-01 4.250000e-01 3.456383e-01 -2.310386e-01
1.350000e+00 4.150000e-01 -1.382151e-02 2.577229e-01 1.350000e+00 4.250000e-01 -1.101389e-02 2.585933e-01
-9.900000e-01 4.250000e-01 3.456383e-01 -2.310386e-01 -9.850000e-01 4.300000e-01 3.481060e-01 -2.320607e-01
-9.850000e-01 4.300000e-01 3.481060e-01 -2.320607e-01 -9.800000e-01 4.350000e-01 3.505278e-01 -2.331308e-01
1.350000e+00 4.250000e-01 -1.101389e-02 2.585933e-01 1.350000e+00 4.350000e-01 -8.145714e-03 2.594874e-01
-9.800000e-01 4.350000e-01 3.505278e-01 -2.331308e-01 -9.800000e-01 4.450000e-01 3.468676e-01 -2.315488e-01
1.350000e+00 4.350000e-01 -8.145714e-03 2.594874e-01 1.350000e+00 4.450000e-01 -5.217338e-03 2.604064e-01
-9.800000e-01 4.450000e-01 3.468676e-01 -2.315488e-01 -9.750000e-01 4.500000e-01 3.491949e-01 -2.325561e-01
-9.750000e-01 4.500000e-01 3.491949e-01 -2.325561e-01 -9.700000e-01 4.550000e-01 3.514742e-01 -2.336098e-01
1.350000e+00 4.450000e-01 -5.217338e-03 2.604064e-01 1.355000e+00 4.500000e-01 7.836628e-04 2.623726e-01
1.355000e+00 4.500000e-01 7.836628e-04 2.623726e-01 1.360000e+00 4.550000e-01 6.774292e-03 2.643474e-01
-9.700000e-01 4.550000e-01 3.514742e-01 -2.336098e-01 -9.700000e-01 4.650000e-01 3.476829e-01 -2.318589e-01
1.360000e+00 4.550000e-01 6.774292e-03 2.643474e-01 1.360000e+00 4.650000e-01 9.778605e-03 2.653771e-01
-9.700000e-01 4.650000e-01 3.476829e-01 -2.318589e-01 -9.650000e-01 4.700000e-01 3.498708e-01 -2.328446e-01
-9.650000e-01 4.700000e-01 3.498708e-01 -2.328446e-01 -9.600000e-01 4.750000e-01 3.520086e-01 -2.338751e-01
1.360000e+00 4.650000e-01 9.778605e-03 2.653771e-01 1.360000e+00 4.750000e-01 1.284014e-02 2.664340e-01
-9.600000e-01 4.750000e-01 3.520086e-01 -2.338751e-01 -9.550000e-01 4.800000e-01 3.541019e-01 -2.348694e-01
-9.550000e-01 4.800000e-01 3.541019e-01 -2.348694e-01 -9.500000e-01 4.850000e-01 3.561434e-01 -2.359077e-01
1.360000e+00 4.750000e-01 1.284014e-02 2.664340e-01 1.360000e+00 4.850000e-01 1.595806e-02 2.675192e-01
-9.500000e-01 4.850000e-01 3.561434e-01 -2.359077e-01 -9.500000e-01 4.950000e-01 3.521413e-01 -2.339066e-01
1.360000e+00 4.850000e-01 1.595806e-02 2.675192e-01 1.360000e+00 4.950000e-01 1.913177e-02 2.686336e-01
-9.500000e-01 4.950000e-01 3.521413e-01 -2.339066e-01 -9.450000e-01 5.000000e-01 3.540965e-01 -2.348682e-01
-9.450000e-01 5.000000e-01 3.540965e-01 -2.348682e-01 -9.400000e-01 5.050000e-01 3.559979e-01 -2.358721e-01
1.360000e+00 4.950000e-01 1.913177e-02 2.686336e-01 1.360000e+00 5.050000e-01 2.236031e-02 2.697783e-01
-9.400000e-01 5.050000e-01 3.559979e-01 -2.358721e-01 -9.350000e-01 5.100000e-01 3.578575e-01 -2.368355e-01
-9.350000e-01 5.100000e-01 3.578575e-01 -2.368355e-01 -9.300000e-01 5.150000e-01 3.596619e-01 -2.378402e-01
1.360000e+00 5.050000e-01 2.236031e-02 2.697783e-01 1.365000e+00 5.100000e-01 2.839111e-02 2.720075e-01
1.365000e+00 5.100000e-01 2.839111e-02 2.720075e-01 1.370000e+00 5.150000e-01 3.441250e-02 2.742414e-01
-9.300000e-01 5.150000e-01 3.596619e-01 -2.378402e-01 -9.300000e-01 5.250000e-01 3.554662e-01 -2.355698e-01
1.370000e+00 5.150000e-01 3.441250e-02 2.742414e-01 1.370000e+00 5.250000e-01 3.770399e-02 2.755020e-01
-9.300000e-01 5.250000e-01 3.554662e-01 -2.355698e-01 -9.250000e-01 5.300000e-01 3.571901e-01 -2.364896e-01
-9.250000e-01 5.300000e-01 3.571901e-01 -2.364896e-01 -9.200000e-01 5.350000e-01 3.588570e-01 -2.374485e-01
1.370000e+00 5.250000e-01 3.770399e-02 2.755020e-01 1.370000e+00 5.350000e-01 4.104745e-02 2.767949e-01
-9.200000e-01 5.350000e-01 3.588570e-01 -2.374485e-01 -9.150000e-01 5.400000e-01 3.604853e-01 -2.383631e-01
-9.150000e-01 5.400000e-01 3.604853e-01 -2.383631e-01 -9.100000e-01 5.450000e-01 3.620549e-01 -2.393157e-01
1.370000e+00 5.350000e-01 4.104745e-02 2.767949e-01 1.370000e+00 5.450000e-01 4.444229e-02 2.781207e-01
-9.100000e-01 5.450000e-01 3.620549e-01 -2.393157e-01 -9.100000e-01 5.550000e-01 3.576849e-01 -2.367590e-01
1.370000e+00 5.450000e-01 4.444229e-02 2.781207e-01 1.370000e+00 5.550000e-01 4.788744e-02 2.794807e-01
-9.100000e-01 5.550000e-01 3.576849e-01 -2.367590e-01 -9.050000e-01 5.600000e-01 3.591809e-01 -2.376191e-01
-9.050000e-01 5.600000e-01 3.591809e-01 -2.376191e-01 -9.000000e-01 5.650000e-01 3.606168e-01 -2.385150e-01
1.370000e+00 5.550000e-01 4.788744e-02 2.794807e-01 1.370000e+00 5.650000e-01 5.138194e-02 2.808754e-01
-9.000000e-01 5.650000e-01 3.606168e-01 -2.385150e-01 -8.950000e-01 5.700000e-01 3.620176e-01 -2.393626e-01
-8.950000e-01 5.700000e-01 3.620176e-01 -2.393626e-01 -8.900000e-01 5.750000e-01 3.633572e-01 -2.402449e-01
1.370000e+00 5.650000e-01 5.138194e-02 2.808754e-01 1.375000e+00 5.700000e-01 5.742097e-02 2.833621e-01
1.375000e+00 5.700000e-01 5.742097e-02 2.833621e-01 1.380000e+00 5.750000e-01 6.345201e-02 2.858500e-01
-8.900000e-01 5.750000e-01 3.633572e-01 -2.402449e-01 -8.900000e-01 5.850000e-01 3.588337e-01 -2.373869e-01
1.380000e+00 5.750000e-01 6.345201e-02 2.858500e-01 1.380000e+00 5.850000e-01 6.699706e-02 2.873640e-01
-8.900000e-01 5.850000e-01 3.588337e-01 -2.373869e-01 -8.850000e-01 5.900000e-01 3.601068e-01 -2.381698e-01
-8.850000e-01 5.900000e-01 3.601068e-01 -2.381698e-01 -8.800000e-01 5.950000e-01 3.613175e-01 -2.389845e-01
1.380000e+00 5.850000e-01 6.699706e-02 2.873640e-01 1.380000e+00 5.950000e-01 7.058847e-02 2.889144e-01
-8.800000e-01 5.950000e-01 3.613175e-01 -2.389845e-01 -8.750000e-01 6.000000e-01 3.624969e-01 -2.397480e-01
-8.750000e-01 6.000000e-01 3.624969e-01 -2.397480e-01 -8.700000e-01 6.050000e-01 3.636125e-01 -2.405420e-01
1.380000e+00 5.950000e-01 7.058847e-02 2.889144e-01 1.380000e+00 6.050000e-01 7.422579e-02 2.905021e-01
-8.700000e-01 6.050000e-01 3.636125e-01 -2.405420e-01 -8.700000e-01 6.150000e-01 3.589577e-01 -2.373699e-01
1.380000e+00 6.050000e-01 7.422579e-02 2.905021e-01 1.380000e+00 6.150000e-01 7.790792e-02 2.921276e-01
-8.700000e-01 6.150000e-01 3.589577e-01 -2.373699e-01 -8.650000e-01 6.200000e-01 3.600150e-01 -2.380585e-01
-8.650000e-01 6.200000e-01 3.600150e-01 -2.380585e-01 -8.600000e-01 6.250000e-01 3.610078e-01 -2.387748e-01
1.380000e+00 6.150000e-01 7.790792e-02 2.921276e-01 1.380000e+00 6.250000e-01 8.163393e-02 2.937917e-01
-8.600000e-01 6.250000e-01 3.610078e-01 -2.387748e-01 -8.550000e-01 6.300000e-01 3.619735e-01 -2.394370e-01
-8.550000e-01 6.300000e-01 3.619735e-01 -2.394370e-01 -8.500000e-01 6.350000e-01 3.628735e-01 -2.401255e-01
1.380000e+00 6.250000e-01 8.163393e-02 2.937917e-01 1.380000e+00 6.350000e-01 8.540309e-02 2.954953e-01
-8.500000e-01 6.350000e-01 3.628735e-01 -2.401255e-01 -8.500000e-01 6.450000e-01 3.581106e-01 -2.366292e-01
1.380000e+00 6.350000e-01 8.540309e-02 2.954953e-01 1.380000e+00 6.450000e-01 8.921433e-02 2.972389e-01
-8.500000e-01 6.450000e-01 3.581106e-01 -2.366292e-01 -8.450000e-01 6.500000e-01 3.589609e-01 -2.372072e-01
-8.450000e-01 6.500000e-01 3.589609e-01 -2.372072e-01 -8.400000e-01 6.550000e-01 3.597447e-01 -2.378086e-01
1.380000e+00 6.450000e-01 8.921433e-02 2.972389e-01 1.380000e+00 6.550000e-01 9.306682e-02 2.990232e-01
-8.400000e-01 6.550000e-01 3.597447e-01 -2.378086e-01 -8.350000e-01 6.600000e-01 3.605061e-01 -2.383535e-01
-8.350000e-01 6.600000e-01 3.605061e-01 -2.383535e-01 -8.300000e-01 6.650000e-01 3.612001e-01 -2.389203e-01
1.380000e+00 6.550000e-01 9.306682e-02 2.990232e-01 1.380000e+00 6.650000e-01 9.695971e-02 3.008489e-01
-8.300000e-01 6.650000e-01 3.612001e-01 -2.389203e-01 -8.250000e-01 6.700000e-01 3.618733e-01 -2.394297e-01
-8.250000e-01 6.700000e-01 3.618733e-01 -2.394297e-01 -8.200000e-01 6.750000e-01 3.624785e-01 -2.399591e-01
1.380000e+00 6.650000e-01 9.695971e-02 3.008489e-01 1.380000e+00 6.750000e-01 1.008920e-01 3.027167e-01
-8.200000e-01 6.750000e-01 3.624785e-01 -2.399591e-01 -8.200000e-01 6.850000e-01 3.575925e-01 -2.360151e-01
1.380000e+00 6.750000e-01 1.008920e-01 3.027167e-01 1.385000e+00 6.800000e-01 1.069028e-01 3.056572e-01
1.385000e+00 6.800000e-01 1.069028e-01 3.056572e-01 1.390000e+00 6.850000e-01 1.129087e-01 3.085930e-01
-8.200000e-01 6.850000e-01 3.575925e-01 -2.360151e-01 -8.150000e-01 6.900000e-01 3.581603e-01 -2.364278e-01
-8.150000e-01 6.900000e-01 3.581603e-01 -2.364278e-01 -8.100000e-01 6.950000e-01 3.586599e-01 -2.368578e-01
1.390000e+00 6.850000e-01 1.129087e-01 3.085930e-01 1.390000e+00 6.950000e-01 1.168697e-01 3.105837e-01
-8.100000e-01 6.950000e-01 3.586599e-01 -2.368578e-01 -8.050000e-01 7.000000e-01 3.591433e-01 -2.372286e-01
-8.050000e-01 7.000000e-01 3.591433e-01 -2.372286e-01 -8.000000e-01 7.050000e-01 3.595579e-01 -2.376149e-01
1.390000e+00 6.950000e-01 1.168697e-01 3.105837e-01 1.390000e+00 7.050000e-01 1.208674e-01 3.126173e-01
-8.000000e-01 7.050000e-01 3.595579e-01 -2.376149e-01 -7.950000e-01 7.100000e-01 3.599580e-01 -2.379412e-01
-7.950000e-01 7.100000e-01 3.599580e-01 -2.379412e-01 -7.900000e-01 7.150000e-01 3.602888e-01 -2.382812e-01
1.390000e+00 7.050000e-01 1.208674e-01 3.126173e-01 1.390000e+00 7.150000e-01 1.249007e-01 3.146943e-01
-7.900000e-01 7.150000e-01 3.602888e-01 -2.382812e-01 -7.900000e-01 7.250000e-01 3.553260e-01 -2.338771e-01
1.390000e+00 7.150000e-01 1.249007e-01 3.146943e-01 1.390000e+00 7.250000e-01 1.289688e-01 3.168153e-01
-7.900000e-01 7.250000e-01 3.553260e-01 -2.338771e-01 -7.850000e-01 7.300000e-01 3.556324e-01 -2.340962e-01
-7.850000e-01 7.300000e-01 3.556324e-01 -2.340962e-01 -7.800000e-01 7.350000e-01 3.558697e-01 -2.343259e-01
1.390000e+00 7.250000e-01 1.289688e-01 3.168153e-01 1.390000e+00 7.350000e-01 1.330708e-01 3.189807e-01
-7.800000e-01 7.350000e-01 3.558697e-01 -2.343259e-01 -7.750000e-01 7.400000e-01 3.560973e-01 -2.344948e-01
-7.750000e-01 7.400000e-01 3.560973e-01 -2.344948e-01 -7.700000e-01 7.450000e-01 3.562556e-01 -2.346726e-01
1.390000e+00 7.350000e-01 1.330708e-01 3.189807e-01 1.390000e+00 7.450000e-01 1.372059e-01 3.211911e-01
-7.700000e-01 7.450000e-01 3.562556e-01 -2.346726e-01 -7.650000e-01 7.500000e-01 3.564058e-01 -2.347890e-01
-7.650000e-01 7.500000e-01 3.564058e-01 -2.347890e-01 -7.600000e-01 7.550000e-01 3.564865e-01 -2.349124e-01
1.390000e+00 7.450000e-01 1.372059e-01 3.211911e-01 1.390000e+00 7.550000e-01 1.413729e-01 3.234470e-01
-7.600000e-01 7.550000e-01 3.564865e-01 -2.349124e-01 -7.550000e-01 7.600000e-01 3.565611e-01 -2.349739e-01
-7.550000e-01 7.600000e-01 3.565611e-01 -2.349739e-01 -7.500000e-01 7.650000e-01 3.565660e-01 -2.350405e-01
1.390000e+00 7.550000e-01 1.413729e-01 3.234470e-01 1.390000e+00 7.650000e-01 1.455712e-01 3.257488e-01
-7.500000e-01 7.650000e-01 3.565660e-01 -2.350405e-01 -7.500000e-01 7.750000e-01 3.515642e-01 -2.300476e-01
1.390000e+00 7.650000e-01 1.455712e-01 3.257488e-01 1.390000e+00 7.750000e-01 1.497997e-01 3.280970e-01
-7.500000e-01 7.750000e-01 3.515642e-01 -2.300476e-01 -7.450000e-01 7.800000e-01 3.515614e-01 -2.299902e-01
-7.450000e-01 7.800000e-01 3.515614e-01 -2.299902e-01 -7.400000e-01 7.850000e-01 3.514899e-01 -2.299354e-01
1.390000e+00 7.750000e-01 1.497997e-01 3.280970e-01 1.390000e+00 7.850000e-01 1.540576e-01 3.304919e-01
-7.400000e-01 7.850000e-01 3.514899e-01 -2.299354e-01 -7.350000e-01 7.900000e-01 3.514170e-01 -2.298185e-01
-7.350000e-01 7.900000e-01 3.514170e-01 -2.298185e-01 -7.300000e-01 7.950000e-01 3.512752e-01 -2.297021e-01
1.390000e+00 7.850000e-01 1.540576e-01 3.304919e-01 1.390000e+00 7.950000e-01 1.583439e-01 3.329339e-01
-7.300000e-01 7.950000e-01 3.512752e-01 -2.297021e-01 -7.250000e-01 8.000000e-01 3.511337e-01 -2.295236e-01
-7.250000e-01 8.000000e-01 3.511337e-01 -2.295236e-01 -7.200000e-01 8.050000e-01 3.509236e-01 -2.293437e-01
1.390000e+00 7.950000e-01 1.583439e-01 3.329339e-01 1.390000e+00 8.050000e-01 1.626578e-01 3.354236e-01
-7.200000e-01 8.050000e-01 3.509236e-01 -2.293437e-01 -7.150000e-01 8.100000e-01 3.507158e-01 -2.291016e-01
-7.150000e-01 8.100000e-01 3.507158e-01 -2.291016e-01 -7.100000e-01 8.150000e-01 3.504396e-01 -2.288564e-01
1.390000e+00 8.050000e-01 1.626578e-01 3.354236e-01 1.390000e+00 8.150000e-01 1.669983e-01 3.379611e-01
-7.100000e-01 8.150000e-01 3.504396e-01 -2.288564e-01 -7.100000e-01 8.250000e-01 3.454740e-01 -2.232757e-01
1.390000e+00 8.150000e-01 1.669983e-01 3.379611e-01 1.390000e+00 8.250000e-01 1.713644e-01 3.405469e-01
-7.100000e-01 8.250000e-01 3.454740e-01 -2.232757e-01 -7.050000e-01 8.300000e-01 3.452069e-01 -2.229065e-01
-7.050000e-01 8.300000e-01 3.452069e-01 -2.229065e-01 -7.000000e-01 8.350000e-01 3.448725e-01 -2.225316e-01
1.390000e+00 8.250000e-01 1.713644e-01 3.405469e-01 1.390000e+00 8.350000e-01 1.757556e-01 3.431812e-01
-7.000000e-01 8.350000e-01 3.448725e-01 -2.225316e-01 -6.950000e-01 8.400000e-01 3.445448e-01 -2.220953e-01
-6.950000e-01 8.400000e-01 3.445448e-01 -2.220953e-01 -6.900000e-01 8.450000e-01 3.441502e-01 -2.216512e-01
1.390000e+00 8.350000e-01 1.757556e-01 3.431812e-01 1.390000e+00 8.450000e-01 1.801707e-01 3.458645e-01
-6.900000e-01 8.450000e-01 3.441502e-01 -2.216512e-01 -6.850000e-01 8.500000e-01 3.437642e-01 -2.211459e-01
-6.850000e-01 8.500000e-01 3.437642e-01 -2.211459e-01 -6.800000e-01 8.550000e-01 3.433121e-01 -2.206311e-01
1.390000e+00 8.450000e-01 1.801707e-01 3.458645e-01 1.390000e+00 8.550000e-01 1.846087e-01 3.485969e-01
-6.800000e-01 8.550000e-01 3.433121e-01 -2.206311e-01 -6.750000e-01 8.600000e-01 3.428699e-01 -2.200555e-01
-6.750000e-01 8.600000e-01 3.428699e-01 -2.200555e-01 -6.700000e-01 8.650000e-01 3.423622e-01 -2.194684e-01
1.390000e+00 8.550000e-01 1.846087e-01 3.485969e-01 1.390000e+00 8.650000e-01 1.890690e-01 3.513788e-01
-6.700000e-01 8.650000e-01 3.423622e-01 -2.194684e-01 -6.650000e-01 8.700000e-01 3.418665e-01 -2.188207e-01
-6.650000e-01 8.700000e-01 3.418665e-01 -2.188207e-01 -6.600000e-01 8.750000e-01 3.413056e-01 -2.181599e-01
1.390000e+00 8.650000e-01 1.890690e-01 3.513788e-01 1.390000e+00 8.750000e-01 1.935507e-01 3.542104e-01
-6.600000e-01 8.750000e-01 3.413056e-01 -2.181599e-01 -6.550000e-01 8.800000e-01 3.407584e-01 -2.174388e-01
-6.550000e-01 8.800000e-01 3.407584e-01 -2.174388e-01 -6.500000e-01 8.850000e-01 3.401468e-01 -2.167030e-01
1.385000e+00 8.800000e-01 1.922253e-01 3.534002e-01 1.380000e+00 8.850000e-01 1.909477e-01 3.525574e-01
1.390000e+00 8.750000e-01 1.935507e-01 3.542104e-01 1.385000e+00 8.800000e-01 1.922253e-01 3.534002e-01
-6.500000e-01 8.850000e-01 3.401468e-01 -2.167030e-01 -6.500000e-01 8.950000e-01 3.353456e-01 -2.103101e-01
1.380000e+00 8.850000e-01 1.909477e-01 3.525574e-01 1.380000e+00 8.950000e-01 1.955146e-01 3.554701e-01
-6.500000e-01 8.950000e-01 3.353456e-01 -2.103101e-01 -6.450000e-01 9.000000e-01 3.347654e-01 -2.094553e-01
-6.450000e-01 9.000000e-01 3.347654e-01 -2.094553e-01 -6.400000e-01 9.050000e-01 3.341227e-01 -2.085836e-01
1.380000e+00 8.950000e-01 1.955146e-01 3.554701e-01 1.380000e+00 9.050000e-01 2.001001e-01 3.584340e-01
-6.400000e-01 9.050000e-01 3.341227e-01 -2.085836e-01 -6.350000e-01 9.100000e-01 3.334976e-01 -2.076534e-01
-6.350000e-01 9.100000e-01 3.334976e-01 -2.076534e-01 -6.300000e-01 9.150000e-01 3.328107e-01 -2.067048e-01
1.380000e+00 9.050000e-01 2.001001e-01 3.584340e-01 1.380000e+00 9.150000e-01 2.047029e-01 3.614494e-01
-6.300000e-01 9.150000e-01 3.328107e-01 -2.067048e-01 -6.250000e-01 9.200000e-01 3.321430e-01 -2.056983e-01
-6.250000e-01 9.200000e-01 3.321430e-01 -2.056983e-01 -6.200000e-01 9.250000e-01 3.314145e-01 -2.046717e-01
1.380000e+00 9.150000e-01 2.047029e-01 3.614494e-01 1.380000e+00 9.250000e-01 2.093225e-01 3.645163e-01
-6.200000e-01 9.250000e-01 3.314145e-01 -2.046717e-01 -6.150000e-01 9.300000e-01 3.307067e-01 -2.035878e-01
-6.150000e-01 9.300000e-01 3.307067e-01 -2.035878e-01 -6.100000e-01 9.350000e-01 3.299390e-01 -2.024824e-01
1.380000e+00 9.250000e-01 2.093225e-01 3.645163e-01 1.380000e+00 9.350000e-01 2.139579e-01 3.676349e-01
-6.100000e-01 9.350000e-01 3.299390e-01 -2.024824e-01 -6.050000e-01 9.400000e-01 3.291936e-01 -2.013203e-01
-6.050000e-01 9.400000e-01 3.291936e-01 -2.013203e-01 -6.000000e-01 9.450000e-01 3.283893e-01 -2.001353e-01
1.380000e+00 9.350000e-01 2.139579e-01 3.676349e-01 1.380000e+00 9.450000e-01 2.186084e-01 3.708055e-01
-6.000000e-01 9.450000e-01 3.283893e-01 -2.001353e-01 -5.950000e-01 9.500000e-01 3.276087e-01 -1.988943e-01
-5.950000e-01 9.500000e-01 3.276087e-01 -1.988943e-01 -5.900000e-01 9.550000e-01 3.267702e-01 -1.976289e-01
1.380000e+00 9.450000e-01 2.186084e-01 3.708055e-01 1.380000e+00 9.550000e-01 2.232729e-01 3.740280e-01
-5.900000e-01 9.550000e-01 3.267702e-01 -1.976289e-01 -5.850000e-01 9.600000e-01 3.259569e-01 -1.963084e-01
-5.850000e-01 9.600000e-01 3.259569e-01 -1.963084e-01 -5.800000e-01 9.650000e-01 3.250869e-01 -1.949619e-01
1.380000e+00 9.550000e-01 2.232729e-01 3.740280e-01 1.380000e+00 9.650000e-01 2.279509e-01 3.773026e-01
-5.800000e-01 9.650000e-01 3.250869e-01 -1.949619e-01 -5.750000e-01 9.700000e-01 3.242434e-01 -1.935613e-01
-5.750000e-01 9.700000e-01 3.242434e-01 -1.935613e-01 -5.700000e-01 9.750000e-01 3.233443e-01 -1.921333e-01
1.375000e+00 9.700000e-01 2.269446e-01 3.766207e-01 1.370000e+00 9.750000e-01 2.259871e-01 3.759115e-01
1.380000e+00 9.650000e-01 2.279509e-01 3.773026e-01 1.375000e+00 9.700000e-01 2.269446e-01 3.766207e-01
-5.700000e-01 9.750000e-01 3.233443e-01 -1.921333e-01 -5.650000e-01 9.800000e-01 3.224731e-01 -1.906522e-01
-5.650000e-01 9.800000e-01 3.224731e-01 -1.906522e-01 -5.600000e-01 9.850000e-01 3.215476e-01 -1.891424e-01
1.370000e+00 9.750000e-01 2.259871e-01 3.759115e-01 1.370000e+00 9.850000e-01 2.307317e-01 3.792792e-01
-5.600000e-01 9.850000e-01 3.215476e-01 -1.891424e-01 -5.550000e-01 9.900000e-01 3.206511e-01 -1.875801e-01
-5.550000e-01 9.900000e-01 3.206511e-01 -1.875801e-01 -5.500000e-01 9.950000e-01 3.197015e-01 -1.859882e-01
1.370000e+00 9.850000e-01 2.307317e-01 3.792792e-01 1.370000e+00 9.950000e-01 2.354869e-01 3.827001e-01
-5.500000e-01 9.950000e-01 3.197015e-01 -1.859882e-01 -5.450000e-01 1.000000e+00 3.187822e-01 -1.843448e-01
-5.450000e-01 1.000000e+00 3.187822e-01 -1.843448e-01 -5.400000e-01 1.005000e+00 3.178112e-01 -1.826704e-01
1.370000e+00 9.950000e-01 2.354869e-01 3.827001e-01 1.370000e+00 1.005000e+00 2.402519e-01 3.861741e-01
-5.400000e-01 1.005000e+00 3.178112e-01 -1.826704e-01 -5.350000e-01 1.010000e+00 3.168716e-01 -1.809454e-01
-5.350000e-01 1.010000e+00 3.168716e-01 -1.809454e-01 -5.300000e-01 1.015000e+00 3.158816e-01 -1.791886e-01
1.370000e+00 1.005000e+00 2.402519e-01 3.861741e-01 1.370000e+00 1.015000e+00 2.450257e-01 3.897011e-01
-5.300000e-01 1.015000e+00 3.158816e-01 -1.791886e-01 -5.250000e-01 1.020000e+00 3.149241e-01 -1.773822e-01
-5.250000e-01 1.020000e+00 3.149241e-01 -1.773822e-01 -5.200000e-01 1.025000e+00 3.139176e-01 -1.755427e-01
1.370000e+00 1.015000e+00 2.450257e-01 3.897011e-01 1.370000e+00 1.025000e+00 2.498076e-01 3.932812e-01
-5.200000e-01 1.025000e+00 3.139176e-01 -1.755427e-01 -5.150000e-01 1.030000e+00 3.129446e-01 -1.736548e-01
-5.150000e-01 1.030000e+00 3.129446e-01 -1.736548e-01 -5.100000e-01 1.035000e+00 3.119241e-01 -1.717326e-01
1.365000e+00 1.030000e+00 2.490035e-01 3.927033e-01 1.360000e+00 1.035000e+00 2.482486e-01 3.921017e-01
1.370000e+00 1.025000e+00 2.498076e-01 3.932812e-01 1.365000e+00 1.030000e+00 2.490035e-01 3.927033e-01
-5.100000e-01 1.035000e+00 3.119241e-01 -1.717326e-01 -5.050000e-01 1.040000e+00 3.109380e-01 -1.697633e-01
-5.050000e-01 1.040000e+00 3.109380e-01 -1.697633e-01 -5.000000e-01 1.045000e+00 3.099058e-01 -1.677588e-01
1.360000e+00 1.035000e+00 2.482486e-01 3.921017e-01 1.360000e+00 1.045000e+00 2.530845e-01 3.957820e-01
-5.000000e-01 1.045000e+00 3.099058e-01 -1.677588e-01 -4.950000e-01 1.050000e+00 3.089090e-01 -1.657080e-01
-4.950000e-01 1.050000e+00 3.089090e-01 -1.657080e-01 -4.900000e-01 1.055000e+00 3.078674e-01 -1.636214e-01
1.360000e+00 1.045000e+00 2.530845e-01 3.957820e-01 1.360000e+00 1.055000e+00 2.579260e-01 3.995160e-01
-4.900000e-01 1.055000e+00 3.078674e-01 -1.636214e-01 -4.850000e-01 1.060000e+00 3.068622e-01 -1.614897e-01
-4.850000e-01 1.060000e+00 3.068622e-01 -1.614897e-01 -4.800000e-01 1.065000e+00 3.058137e-01 -1.593210e-01
1.360000e+00 1.055000e+00 2.579260e-01 3.995160e-01 1.360000e+00 1.065000e+00 2.627719e-01 4.033039e-01
-4.800000e-01 1.065000e+00 3.058137e-01 -1.593210e-01 -4.750000e-01 1.070000e+00 3.048024e-01 -1.571085e-01
-4.750000e-01 1.070000e+00 3.048024e-01 -1.571085e-01 -4.700000e-01 1.075000e+00 3.037492e-01 -1.548584e-01
1.360000e+00 1.065000e+00 2.627719e-01 4.033039e-01 1.360000e+00 1.075000e+00 2.676217e-01 4.071452e-01
-4.700000e-01 1.075000e+00 3.037492e-01 -1.548584e-01 -4.650000e-01 1.080000e+00 3.027341e-01 -1.525654e-01
-4.650000e-01 1.080000e+00 3.027341e-01 -1.525654e-01 -4.600000e-01 1.085000e+00 3.016785e-01 -1.502341e-01
1.355000e+00 1.080000e+00 2.669771e-01 4.066662e-01 1.350000e+00 1.085000e+00 2.663814e-01 4.061668e-01
1.360000e+00 1.075000e+00 2.676217e-01 4.071452e-01 1.355000e+00 1.080000e+00 2.669771e-01 4.066662e-01
-4.600000e-01 1.085000e+00 3.016785e-01 -1.502341e-01 -4.550000e-01 1.090000e+00 3.006616e-01 -1.478614e-01
-4.550000e-01 1.090000e+00 3.006616e-01 -1.478614e-01 -4.500000e-01 1.095000e+00 2.996058e-01 -1.454494e-01
1.350000e+00 1.085000e+00 2.663814e-01 4.061668e-01 1.350000e+00 1.095000e+00 2.712747e-01 4.101132e-01
-4.500000e-01 1.095000e+00 2.996058e-01 -1.454494e-01 -4.450000e-01 1.100000e+00 2.985894e-01 -1.429973e-01
-4.450000e-01 1.100000e+00 2.985894e-01 -1.429973e-01 -4.400000e-01 1.105000e+00 2.975356e-01 -1.405055e-01
1.350000e+00 1.095000e+00 2.712747e-01 4.101132e-01 1.350000e+00 1.105000e+00 2.761692e-01 4.141136e-01
-4.400000e-01 1.105000e+00 2.975356e-01 -1.405055e-01 -4.350000e-01 1.110000e+00 2.965217e-01 -1.379744e-01
-4.350000e-01 1.110000e+00 2.965217e-01 -1.379744e-01 -4.300000e-01 1.115000e+00 2.954720e-01 -1.354032e-01
1.345000e+00 1.110000e+00 2.756315e-01 4.136933e-01 1.340000e+00 1.115000e+00 2.751428e-01 4.132546e-01
1.350000e+00 1.105000e+00 2.761692e-01 4.141136e-01 1.345000e+00 1.110000e+00 2.756315e-01 4.136933e-01
-4.300000e-01 1.115000e+00 2.954720e-01 -1.354032e-01 -4.250000e-01 1.120000e+00 2.944628e-01 -1.327940e-01
-4.250000e-01 1.120000e+00 2.944628e-01 -1.327940e-01 -4.200000e-01 1.125000e+00 2.934192e-01 -1.301441e-01
1.340000e+00 1.115000e+00 2.751428e-01 4.132546e-01 1.340000e+00 1.125000e+00 2.800737e-01 4.173634e-01
-4.200000e-01 1.125000e+00 2.934192e-01 -1.301441e-01 -4.150000e-01 1.130000e+00 2.924165e-01 -1.274575e-01
-4.150000e-01 1.130000e+00 2.924165e-01 -1.274575e-01 -4.100000e-01 1.135000e+00 2.913811e-01 -1.247296e-01
1.340000e+00 1.125000e+00 2.800737e-01 4.173634e-01 1.340000e+00 1.135000e+00 2.850035e-01 4.215263e-01
-4.100000e-01 1.135000e+00 2.913811e-01 -1.247296e-01 -4.050000e-01 1.140000e+00 2.903870e-01 -1.219662e-01
-4.050000e-01 1.140000e+00 2.903870e-01 -1.219662e-01 -4.000000e-01 1.145000e+00 2.893617e-01 -1.191613e-01
1.340000e+00 1.135000e+00 2.850035e-01 4.215263e-01 1.340000e+00 1.145000e+00 2.899310e-01 4.257431e-01
-4.000000e-01 1.145000e+00 2.893617e-01 -1.191613e-01 -3.950000e-01 1.150000e+00 2.883781e-01 -1.163221e-01
-3.950000e-01 1.150000e+00 2.883781e-01 -1.163221e-01 -3.850000e-01 1.150000e+00 2.894847e-01 -1.194557e-01
-3.850000e-01 1.150000e+00 2.894847e-01 -1.194557e-01 -3.800000e-01 1.155000e+00 2.884422e-01 -1.165318e-01
1.335000e+00 1.150000e+00 2.895102e-01 4.254160e-01 1.330000e+00 1.155000e+00 2.891377e-01 4.250733e-01
1.340000e+00 1.145000e+00 2.899310e-01 4.257431e-01 1.335000e+00 1.150000e+00 2.895102e-01 4.254160e-01
-3.800000e-01 1.155000e+00 2.884422e-01 -1.165318e-01 -3.750000e-01 1.160000e+00 2.874427e-01 -1.135753e-01
-3.750000e-01 1.160000e+00 2.874427e-01 -1.135753e-01 -3.700000e-01 1.165000e+00 2.864156e-01 -1.105759e-01
1.330000e+00 1.155000e+00 2.891377e-01 4.250733e-01 1.330000e+00 1.165000e+00 2.940933e-01 4.294014e-01
-3.700000e-01 1.165000e+00 2.864156e-01 -1.105759e-01 -3.650000e-01 1.170000e+00 2.854315e-01 -1.075450e-01
-3.650000e-01 1.170000e+00 2.854315e-01 -1.075450e-01 -3.600000e-01 1.175000e+00 2.844215e-01 -1.044709e-01
1.325000e+00 1.170000e+00 2.937505e-01 4.291169e-01 1.320000e+00 1.175000e+00 2.934558e-01 4.288184e-01
1.330000e+00 1.165000e+00 2.940933e-01 4.294014e-01 1.325000e+00 1.170000e+00 2.937505e-01 4.291169e-01
-3.600000e-01 1.175000e+00 2.844215e-01 -1.044709e-01 -3.550000e-01 1.180000e+00 2.834548e-01 -1.013667e-01
-3.550000e-01 1.180000e+00 2.834548e-01 -1.013667e-01 -3.500000e-01 1.185000e+00 2.824636e-01 -9.821910e-02
1.320000e+00 1.175000e+00 2.934558e-01 4.288184e-01 1.320000e+00 1.185000e+00 2.984344e-01 4.332599e-01
-3.500000e-01 1.185000e+00 2.824636e-01 -9.821910e-02 -3.450000e-01 1.190000e+00 2.815157e-01 -9.504252e-02
-3.450000e-01 1.190000e+00 2.815157e-01 -9.504252e-02 -3.400000e-01 1.195000e+00 2.805450e-01 -9.182232e-02
1.320000e+00 1.185000e+00 2.984344e-01 4.332599e-01 1.320000e+00 1.195000e+00 3.034068e-01 4.377554e-01
-3.400000e-01 1.195000e+00 2.805450e-01 -9.182232e-02 -3.350000e-01 1.200000e+00 2.796177e-01 -8.857446e-02
-3.350000e-01 1.200000e+00 2.796177e-01 -8.857446e-02 -3.250000e-01 1.200000e+00 2.803745e-01 -9.122913e-02
-3.250000e-01 1.200000e+00 2.803745e-01 -9.122913e-02 -3.200000e-01 1.205000e+00 2.794049e-01 -8.789353e-02
1.315000e+00 1.200000e+00 3.031512e-01 4.375474e-01 1.310000e+00 1.205000e+00 3.029430e-01 4.373275e-01
1.320000e+00 1.195000e+00 3.034068e-01 4.377554e-01 1.315000e+00 1.200000e+00 3.031512e-01 4.375474e-01
-3.200000e-01 1.205000e+00 2.794049e-01 -8.789353e-02 -3.150000e-01 1.210000e+00 2.784796e-01 -8.453182e-02
-3.150000e-01 1.210000e+00 2.784796e-01 -8.453182e-02 -3.100000e-01 1.215000e+00 2.775351e-01 -8.112589e-02
1.310000e+00 1.205000e+00 3.029430e-01 4.373275e-01 1.310000e+00 1.215000e+00 3.079318e-01 4.419382e-01
-3.100000e-01 1.215000e+00 2.775351e-01 -8.112589e-02 -3.050000e-01 1.220000e+00 2.766347e-01 -7.769516e-02
-3.050000e-01 1.220000e+00 2.766347e-01 -7.769516e-02 -3.000000e-01 1.225000e+00 2.757165e-01 -7.422032e-02
1.305000e+00 1.220000e+00 3.077461e-01 4.417805e-01 1.300000e+00 1.225000e+00 3.076075e-01 4.416125e-01
1.310000e+00 1.215000e+00 3.079318e-01 4.419382e-01 1.305000e+00 1.220000e+00 3.077461e-01 4.417805e-01
-3.000000e-01 1.225000e+00 2.757165e-01 -7.422032e-02 -2.950000e-01 1.230000e+00 2.748425e-01 -7.072165e-02
-2.950000e-01 1.230000e+00 2.748425e-01 -7.072165e-02 -2.900000e-01 1.235000e+00 2.739521e-01 -6.717898e-02
1.300000e+00 1.225000e+00 3.076075e-01 4.416125e-01 1.300000e+00 1.235000e+00 3.126078e-01 4.463401e-01
-2.900000e-01 1.235000e+00 2.739521e-01 -6.717898e-02 -2.850000e-01 1.240000e+00 2.731056e-01 -6.361366e-02
-2.850000e-01 1.240000e+00 2.731056e-01 -6.361366e-02 -2.800000e-01 1.245000e+00 2.722443e-01 -6.000436e-02
1.300000e+00 1.235000e+00 3.126078e-01 4.463401e-01 1.300000e+00 1.245000e+00 3.175978e-01 4.511215e-01
-2.800000e-01 1.245000e+00 2.722443e-01 -6.000436e-02 -2.750000e-01 1.250000e+00 2.714268e-01 -5.637360e-02
-2.750000e-01 1.250000e+00 2.714268e-01 -5.637360e-02 -2.650000e-01 1.250000e+00 2.719242e-01 -5.853343e-02
-2.650000e-01 1.250000e+00 2.719242e-01 -5.853343e-02 -2.600000e-01 1.255000e+00 2.710805e-01 -5.481469e-02
1.295000e+00 1.250000e+00 3.174872e-01 4.510493e-01 1.290000e+00 1.255000e+00 3.174228e-01 4.509687e-01
1.300000e+00 1.245000e+00 3.175978e-01 4.511215e-01 1.295000e+00 1.250000e+00 3.174872e-01 4.510493e-01
-2.600000e-01 1.255000e+00 2.710805e-01 -5.481469e-02 -2.550000e-01 1.260000e+00 2.702808e-01 -5.107616e-02
-2.550000e-01 1.260000e+00 2.702808e-01 -5.107616e-02 -2.500000e-01 1.265000e+00 2.694700e-01 -4.729353e-02
1.290000e+00 1.255000e+00 3.174228e-01 4.509687e-01 1.290000e+00 1.265000e+00 3.224179e-01 4.558681e-01
-2.500000e-01 1.265000e+00 2.694700e-01 -4.729353e-02 -2.450000e-01 1.270000e+00 2.687029e-01 -4.349230e-02
-2.450000e-01 1.270000e+00 2.687029e-01 -4.349230e-02 -2.400000e-01 1.275000e+00 2.679257e-01 -3.964720e-02
1.285000e+00 1.270000e+00 3.223685e-01 4.558531e-01 1.280000e+00 1.275000e+00 3.223648e-01 4.558313e-01
1.290000e+00 1.265000e+00 3.224179e-01 4.558681e-01 1.285000e+00 1.270000e+00 3.223685e-01 4.558531e-01
-2.400000e-01 1.275000e+00 2.679257e-01 -3.964720e-02 -2.350000e-01 1.280000e+00 2.671923e-01 -3.578445e-02
-2.350000e-01 1.280000e+00 2.671923e-01 -3.578445e-02 -2.250000e-01 1.280000e+00 2.675453e-01 -3.762195e-02
-2.250000e-01 1.280000e+00 2.675453e-01 -3.762195e-02 -2.200000e-01 1.285000e+00 2.667954e-01 -3.367194e-02
1.280000e+00 1.275000e+00 3.223648e-01 4.558313e-01 1.280000e+00 1.285000e+00 3.273602e-01 4.608499e-01
-2.200000e-01 1.285000e+00 2.667954e-01 -3.367194e-02 -2.150000e-01 1.290000e+00 2.660891e-01 -2.970596e-02
-2.150000e-01 1.290000e+00 2.660891e-01 -2.970596e-02 -2.100000e-01 1.295000e+00 2.653764e-01 -2.569635e-02
1.275000e+00 1.290000e+00 3.273684e-01 4.608947e-01 1.270000e+00 1.295000e+00 3.274216e-01 4.609346e-01
1.280000e+00 1.285000e+00 3.273602e-01 4.608499e-01 1.275000e+00 1.290000e+00 3.273684e-01 4.608947e-01
-2.100000e-01 1.295000e+00 2.653764e-01 -2.569635e-02 -2.050000e-01 1.300000e+00 2.647068e-01 -2.167184e-02
-2.050000e-01 1.300000e+00 2.647068e-01 -2.167184e-02 -2.000000e-01 1.305000e+00 2.640321e-01 -1.760418e-02
1.265000e+00 1.300000e+00 3.274794e-01 4.610082e-01 1.260000e+00 1.305000e+00 3.275820e-01 4.610777e-01
1.270000e+00 1.295000e+00 3.274216e-01 4.609346e-01 1.265000e+00 1.300000e+00 3.274794e-01 4.610082e-01
-2.000000e-01 1.305000e+00 2.640321e-01 -1.760418e-02 -1.950000e-01 1.310000e+00 2.634002e-01 -1.352245e-02
-1.950000e-01 1.310000e+00 2.634002e-01 -1.352245e-02 -1.850000e-01 1.310000e+00 2.636438e-01 -1.503796e-02
-1.850000e-01 1.310000e+00 2.636438e-01 -1.503796e-02 -1.800000e-01 1.315000e+00 2.630048e-01 -1.087075e-02
1.260000e+00 1.305000e+00 3.275820e-01 4.610777e-01 1.260000e+00 1.315000e+00 3.325809e-01 4.662846e-01
-1.800000e-01 1.315000e+00 2.630048e-01 -1.087075e-02 -1.750000e-01 1.320000e+00 2.624084e-01 -6.690912e-03
-1.750000e-01 1.320000e+00 2.624084e-01 -6.690912e-03 -1.700000e-01 1.325000e+00 2.618102e-01 -2.468634e-03
1.255000e+00 1.320000e+00 3.326902e-01 4.664229e-01 1.250000e+00 1.325000e+00 3.328435e-01 4.665586e-01
1.260000e+00 1.315000e+00 3.325809e-01 4.662846e-01 1.255000e+00 1.320000e+00 3.326902e-01 4.664229e-01
-1.700000e-01 1.325000e+00 2.618102e-01 -2.468634e-03 -1.650000e-01 1.330000e+00 2.612542e-01 1.765447e-03
-1.650000e-01 1.330000e+00 2.612542e-01 1.765447e-03 -1.550000e-01 1.330000e+00 2.614215e-01 4.843044e-04
-1.550000e-01 1.330000e+00 2.614215e-01 4.843044e-04 -1.500000e-01 1.335000e+00 2.608648e-01 4.802427e-03
1.250000e+00 1.325000e+00 3.328435e-01 4.665586e-01 1.250000e+00 1.335000e+00 3.378306e-01 4.718870e-01
-1.500000e-01 1.335000e+00 2.608648e-01 4.802427e-03 -1.450000e-01 1.340000e+00 2.603500e-01 9.130564e-03
-1.450000e-01 1.340000e+00 2.603500e-01 9.130564e-03 -1.400000e-01 1.345000e+00 2.598365e-01 1.350042e-02
1.245000e+00 1.340000e+00 3.379875e-01 4.720925e-01 1.240000e+00 1.345000e+00 3.381876e-01 4.722969e-01
1.250000e+00 1.335000e+00 3.378306e-01 4.718870e-01 1.245000e+00 1.340000e+00 3.379875e-01 4.720925e-01
-1.400000e-01 1.345000e+00 2.598365e-01 1.350042e-02 -1.350000e-01 1.350000e+00 2.593644e-01 1.787958e-02
-1.350000e-01 1.350000e+00 2.593644e-01 1.787958e-02 -1.250000e-01 1.350000e+00 2.594728e-01 1.683125e-02
-1.250000e-01 1.350000e+00 2.594728e-01 1.683125e-02 -1.200000e-01 1.355000e+00 2.590063e-01 2.129267e-02
1.235000e+00 1.350000e+00 3.383882e-01 4.725366e-01 1.230000e+00 1.355000e+00 3.386315e-01 4.727763e-01
1.240000e+00 1.345000e+00 3.381876e-01 4.722969e-01 1.235000e+00 1.350000e+00 3.383882e-01 4.725366e-01
-1.200000e-01 1.355000e+00 2.590063e-01 2.129267e-02 -1.150000e-01 1.360000e+00 2.585806e-01 2.576195e-02
-1.150000e-01 1.360000e+00 2.585806e-01 2.576195e-02 -1.100000e-01 1.365000e+00 2.581592e-01 3.027176e-02
1.230000e+00 1.355000e+00 3.386315e-01 4.727763e-01 1.230000e+00 1.365000e+00 3.436018e-01 4.782972e-01
-1.100000e-01 1.365000e+00 2.581592e-01 3.027176e-02 -1.050000e-01 1.370000e+00 2.577781e-01 3.478884e-02
-1.050000e-01 1.370000e+00 2.577781e-01 3.478884e-02 -9.500000e-02 1.370000e+00 2.578448e-01 3.397047e-02
-9.500000e-02 1.370000e+00 2.578448e-01 3.397047e-02 -9.000000e-02 1.375000e+00 2.574752e-01 3.856754e-02
1.225000e+00 1.370000e+00 3.438437e-01 4.786081e-01 1.220000e+00 1.375000e+00 3.441273e-01 4.789205e-01
1.230000e+00 1.365000e+00 3.436018e-01 4.782972e-01 1.225000e+00 1.370000e+00 3.438437e-01 4.786081e-01
-9.000000e-02 1.375000e+00 2.574752e-01 3.856754e-02 -8.500000e-02 1.380000e+00 2.571453e-01 4.317034e-02
-8.500000e-02 1.380000e+00 2.571453e-01 4.317034e-02 -8.000000e-02 1.385000e+00 2.568226e-01 4.781259e-02
1.215000e+00 1.380000e+00 3.444088e-01 4.792688e-01 1.210000e+00 1.385000e+00 3.447318e-01 4.796196e-01
1.220000e+00 1.375000e+00 3.441273e-01 4.789205e-01 1.215000e+00 1.380000e+00 3.444088e-01 4.792688e-01
-8.000000e-02 1.385000e+00 2.568226e-01 4.781259e-02 -7.500000e-02 1.390000e+00 2.565389e-01 5.245997e-02
-7.500000e-02 1.390000e+00 2.565389e-01 5.245997e-02 -6.500000e-02 1.390000e+00 2.565800e-01 5.186762e-02
-6.500000e-02 1.390000e+00 2.565800e-01 5.186762e-02 -6.000000e-02 1.395000e+00 2.563134e-01 5.659248e-02
1.205000e+00 1.390000e+00 3.450516e-01 4.800067e-01 1.200000e+00 1.395000e+00 3.454121e-01 4.803972e-01
1.210000e+00 1.385000e+00 3.447318e-01 4.796196e-01 1.205000e+00 1.390000e+00 3.450516e-01 4.800067e-01
-6.000000e-02 1.395000e+00 2.563134e-01 5.659248e-02 -5.500000e-02 1.400000e+00 2.560852e-01 6.132116e-02
-5.500000e-02 1.400000e+00 2.560852e-01 6.132116e-02 -4.500000e-02 1.400000e+00 2.560948e-01 6.087496e-02
-4.500000e-02 1.400000e+00 2.560948e-01 6.087496e-02 -4.000000e-02 1.405000e+00 2.558872e-01 6.567958e-02
1.195000e+00 1.400000e+00 3.457687e-01 4.808244e-01 1.190000e+00 1.405000e+00 3.461654e-01 4.812560e-01
1.200000e+00 1.395000e+00 3.454121e-01 4.803972e-01 1.195000e+00 1.400000e+00 3.457687e-01 4.808244e-01
-4.000000e-02 1.405000e+00 2.558872e-01 6.567958e-02 -3.500000e-02 1.410000e+00 2.557172e-01 7.048717e-02
-3.500000e-02 1.410000e+00 2.557172e-01 7.048717e-02 -3.000000e-02 1.415000e+00 2.555589e-01 7.533185e-02
1.190000e+00 1.405000e+00 3.461654e-01 4.812560e-01 1.190000e+00 1.415000e+00 3.510897e-01 4.871173e-01
-3.000000e-02 1.415000e+00 2.555589e-01 7.533185e-02 -2.500000e-02 1.420000e+00 2.554374e-01 8.017890e-02
-2.500000e-02 1.420000e+00 2.554374e-01 8.017890e-02 -1.500000e-02 1.420000e+00 2.554468e-01 7.995121e-02
-1.500000e-02 1.420000e+00 2.554468e-01 7.995121e-02 -1.000000e-02 1.425000e+00 2.553510e-01 8.487110e-02
1.185000e+00 1.420000e+00 3.514759e-01 4.876224e-01 1.180000e+00 1.425000e+00 3.519010e-01 4.881335e-01
1.190000e+00 1.415000e+00 3.510897e-01 4.871173e-01 1.185000e+00 1.420000e+00 3.514759e-01 4.876224e-01
-1.000000e-02 1.425000e+00 2.553510e-01 8.487110e-02 -5.000000e-03 1.430000e+00 2.552912e-01 8.979218e-02
-5.000000e-03 1.430000e+00 2.552912e-01 8.979218e-02 5.000000e-03 1.430000e+00 2.552852e-01 8.970659e-02
5.000000e-03 1.430000e+00 2.552852e-01 8.970659e-02 1.000000e-02 1.435000e+00 2.552542e-01 9.469872e-02
1.175000e+00 1.430000e+00 3.523198e-01 4.886814e-01 1.170000e+00 1.435000e+00 3.527767e-01 4.892363e-01
1.180000e+00 1.425000e+00 3.519010e-01 4.881335e-01 1.175000e+00 1.430000e+00 3.523198e-01 4.886814e-01
1.000000e-02 1.435000e+00 2.552542e-01 9.469872e-02 1.500000e-02 1.440000e+00 2.552585e-01 9.969121e-02
1.500000e-02 1.440000e+00 2.552585e-01 9.969121e-02 2.500000e-02 1.440000e+00 2.552432e-01 9.974617e-02
2.500000e-02 1.440000e+00 2.552432e-01 9.974617e-02 3.000000e-02 1.445000e+00 2.552794e-01 1.048079e-01
1.165000e+00 1.440000e+00 3.532263e-01 4.898282e-01 1.160000e+00 1.445000e+00 3.537134e-01 4.904280e-01
1.170000e+00 1.435000e+00 3.527767e-01 4.892363e-01 1.165000e+00 1.440000e+00 3.532263e-01 4.898282e-01
3.000000e-02 1.445000e+00 2.552794e-01 1.048079e-01 3.500000e-02 1.450000e+00 2.553498e-01 1.098687e-01
3.500000e-02 1.450000e+00 2.553498e-01 1.098687e-01 4.000000e-02 1.455000e+00 2.554372e-01 1.149636e-01
1.155000e+00 1.450000e+00 3.541922e-01 4.910651e-01 1.150000e+00 1.455000e+00 3.547079e-01 4.917111e-01
1.160000e+00 1.445000e+00 3.537134e-01 4.904280e-01 1.155000e+00 1.450000e+00 3.541922e-01 4.910651e-01
4.000000e-02 1.455000e+00 2.554372e-01 1.149636e-01 4.500000e-02 1.460000e+00 2.555582e-01 1.200571e-01
4.500000e-02 1.460000e+00 2.555582e-01 1.200571e-01 5.500000e-02 1.460000e+00 2.555751e-01 1.203174e-01
5.500000e-02 1.460000e+00 2.555751e-01 1.203174e-01 6.000000e-02 1.465000e+00 2.557321e-01 1.254769e-01
1.145000e+00 1.460000e+00 3.552141e-01 4.923944e-01 1.140000e+00 1.465000e+00 3.557566e-01 4.930875e-01
1.150000e+00 1.455000e+00 3.547079e-01 4.917111e-01 1.145000e+00 1.460000e+00 3.552141e-01 4.923944e-01
6.000000e-02 1.465000e+00 2.557321e-01 1.254769e-01 6.500000e-02 1.470000e+00 2.559216e-01 1.306344e-01
6.500000e-02 1.470000e+00 2.559216e-01 1.306344e-01 7.500000e-02 1.470000e+00 2.559438e-01 1.310293e-01
7.500000e-02 1.470000e+00 2.559438e-01 1.310293e-01 8.000000e-02 1.475000e+00 2.561721e-01 1.362507e-01
1.125000e+00 1.470000e+00 3.525978e-01 4.889922e-01 1.120000e+00 1.475000e+00 3.532004e-01 4.897450e-01
1.125000e+00 1.470000e+00 3.525978e-01 4.889922e-01 1.135000e+00 1.470000e+00 3.562887e-01 4.938181e-01
1.140000e+00 1.465000e+00 3.557566e-01 4.930875e-01 1.135000e+00 1.470000e+00 3.562887e-01 4.938181e-01
8.000000e-02 1.475000e+00 2.561721e-01 1.362507e-01 8.500000e-02 1.480000e+00 2.564319e-01 1.414692e-01
8.500000e-02 1.480000e+00 2.564319e-01 1.414692e-01 9.500000e-02 1.480000e+00 2.564649e-01 1.419966e-01
9.500000e-02 1.480000e+00 2.564649e-01 1.419966e-01 1.000000e-01 1.485000e+00 2.567661e-01 1.472770e-01
1.115000e+00 1.480000e+00 3.537912e-01 4.905357e-01 1.110000e+00 1.485000e+00 3.544164e-01 4.913386e-01
1.120000e+00 1.475000e+00 3.532004e-01 4.897450e-01 1.115000e+00 1.480000e+00 3.537912e-01 4.905357e-01
1.000000e-01 1.485000e+00 2.567661e-01 1.472770e-01 1.050000e-01 1.490000e+00 2.570978e-01 1.525538e-01
1.050000e-01 1.490000e+00 2.570978e-01 1.525538e-01 1.150000e-01 1.490000e+00 2.571469e-01 1.532109e-01
1.150000e-01 1.490000e+00 2.571469e-01 1.532109e-01 1.200000e-01 1.495000e+00 2.575224e-01 1.585475e-01
1.105000e+00 1.490000e+00 3.550287e-01 4.921794e-01 1.100000e+00 1.495000e+00 3.556745e-01 4.930335e-01
1.110000e+00 1.485000e+00 3.544164e-01 4.913386e-01 1.105000e+00 1.490000e+00 3.550287e-01 4.921794e-01
1.200000e-01 1.495000e+00 2.575224e-01 1.585475e-01 1.250000e-01 1.500000e+00 2.579272e-01 1.638798e-01
1.250000e-01 1.500000e+00 2.579272e-01 1.638798e-01 1.350000e-01 1.500000e+00 2.579977e-01 1.646643e-01
1.350000e-01 1.500000e+00 2.579977e-01 1.646643e-01 1.400000e-01 1.505000e+00 2.584487e-01 1.700541e-01
1.095000e+00 1.500000e+00 3.563065e-01 4.939256e-01 1.090000e+00 1.505000e+00 3.569712e-01 4.948316e-01
1.100000e+00 1.495000e+00 3.556745e-01 4.930335e-01 1.095000e+00 1.500000e+00 3.563065e-01 4.939256e-01
1.400000e-01 1.505000e+00 2.584487e-01 1.700541e-01 1.450000e-01 1.510000e+00 2.589279e-01 1.754390e-01
1.450000e-01 1.510000e+00 2.589279e-01 1.754390e-01 1.550000e-01 1.510000e+00 2.590248e-01 1.763482e-01
1.550000e-01 1.510000e+00 2.590248e-01 1.763482e-01 1.650000e-01 1.510000e+00 2.591029e-01 1.773253e-01
1.650000e-01 1.510000e+00 2.591029e-01 1.773253e-01 1.700000e-01 1.515000e+00 2.596557e-01 1.827927e-01
1.075000e+00 1.510000e+00 3.542619e-01 4.910524e-01 1.070000e+00 1.515000e+00 3.549751e-01 4.920272e-01
1.075000e+00 1.510000e+00 3.542619e-01 4.910524e-01 1.085000e+00 1.510000e+00 3.576213e-01 4.957755e-01
1.090000e+00 1.505000e+00 3.569712e-01 4.948316e-01 1.085000e+00 1.510000e+00 3.576213e-01 4.957755e-01
1.700000e-01 1.515000e+00 2.596557e-01 1.827927e-01 1.750000e-01 1.520000e+00 2.602352e-01 1.882543e-01
1.750000e-01 1.520000e+00 2.602352e-01 1.882543e-01 1.850000e-01 1.520000e+00 2.603471e-01 1.893523e-01
1.850000e-01 1.520000e+00 2.603471e-01 1.893523e-01 1.900000e-01 1.525000e+00 2.609783e-01 1.948663e-01
1.065000e+00 1.520000e+00 3.556722e-01 4.930396e-01 1.060000e+00 1.525000e+00 3.563997e-01 4.940688e-01
1.070000e+00 1.515000e+00 3.549751e-01 4.920272e-01 1.065000e+00 1.520000e+00 3.556722e-01 4.930396e-01
1.900000e-01 1.525000e+00 2.609783e-01 1.948663e-01 1.950000e-01 1.530000e+00 2.616351e-01 2.003739e-01
1.950000e-01 1.530000e+00 2.616351e-01 2.003739e-01 2.050000e-01 1.530000e+00 2.617855e-01 2.015901e-01
2.050000e-01 1.530000e+00 2.617855e-01 2.015901e-01 2.100000e-01 1.535000e+00 2.624959e-01 2.071479e-01
1.045000e+00 1.530000e+00 3.539350e-01 4.904802e-01 1.040000e+00 1.535000e+00 3.547042e-01 4.915825e-01
1.045000e+00 1.530000e+00 3.539350e-01 4.904802e-01 1.055000e+00 1.530000e+00 3.571103e-01 4.951358e-01
1.060000e+00 1.525000e+00 3.563997e-01 4.940688e-01 1.055000e+00 1.530000e+00 3.571103e-01 4.951358e-01
2.100000e-01 1.535000e+00 2.624959e-01 2.071479e-01 2.150000e-01 1.540000e+00 2.632307e-01 2.126987e-01
2.150000e-01 1.540000e+00 2.632307e-01 2.126987e-01 2.250000e-01 1.540000e+00 2.634239e-01 2.140297e-01
2.250000e-01 1.540000e+00 2.634239e-01 2.140297e-01 2.350000e-01 1.540000e+00 2.636076e-01 2.154261e-01
2.350000e-01 1.540000e+00 2.636076e-01 2.154261e-01 2.400000e-01 1.545000e+00 2.644261e-01 2.210483e-01
1.035000e+00 1.540000e+00 3.554551e-01 4.927228e-01 1.030000e+00 1.545000e+00 3.562340e-01 4.938817e-01
1.040000e+00 1.535000e+00 3.547042e-01 4.915825e-01 1.035000e+00 1.540000e+00 3.554551e-01 4.927228e-01
2.400000e-01 1.545000e+00 2.644261e-01 2.210483e-01 2.450000e-01 1.550000e+00 2.652675e-01 2.266629e-01
2.450000e-01 1.550000e+00 2.652675e-01 2.266629e-01 2.550000e-01 1.550000e+00 2.655007e-01 2.281698e-01
2.550000e-01 1.550000e+00 2.655007e-01 2.281698e-01 2.600000e-01 1.555000e+00 2.664000e-01 2.338292e-01
1.015000e+00 1.550000e+00 3.539919e-01 4.905026e-01 1.010000e+00 1.555000e+00 3.548055e-01 4.917392e-01
1.015000e+00 1.550000e+00 3.539919e-01 4.905026e-01 1.025000e+00 1.550000e+00 3.569938e-01 4.950784e-01
1.030000e+00 1.545000e+00 3.562340e-01 4.938817e-01 1.025000e+00 1.550000e+00 3.569938e-01 4.950784e-01
2.600000e-01 1.555000e+00 2.664000e-01 2.338292e-01 2.650000e-01 1.560000e+00 2.673211e-01 2.394808e-01
2.650000e-01 1.560000e+00 2.673211e-01 2.394808e-01 2.750000e-01 1.560000e+00 2.676077e-01 2.410951e-01
2.750000e-01 1.560000e+00 2.676077e-01 2.410951e-01 2.850000e-01 1.560000e+00 2.678909e-01 2.427726e-01
2.850000e-01 1.560000e+00 2.678909e-01 2.427726e-01 2.900000e-01 1.565000e+00 2.689017e-01 2.484869e-01
9.950000e-01 1.560000e+00 3.527086e-01 4.884859e-01 9.900000e-01 1.565000e+00 3.535524e-01 4.898025e-01
9.950000e-01 1.560000e+00 3.527086e-01 4.884859e-01 1.005000e+00 1.560000e+00 3.555985e-01 4.930132e-01
1.010000e+00 1.555000e+00 3.548055e-01 4.917392e-01 1.005000e+00 1.560000e+00 3.555985e-01 4.930132e-01
2.900000e-01 1.565000e+00 2.689017e-01 2.484869e-01 2.950000e-01 1.570000e+00 2.699327e-01 2.541933e-01
2.950000e-01 1.570000e+00 2.699327e-01 2.541933e-01 3.050000e-01 1.570000e+00 2.702753e-01 2.559735e-01
3.050000e-01 1.570000e+00 2.702753e-01 2.559735e-01 3.150000e-01 1.570000e+00 2.706183e-01 2.578157e-01
3.150000e-01 1.570000e+00 2.706183e-01 2.578157e-01 3.200000e-01 1.575000e+00 2.717423e-01 2.635798e-01
9.750000e-01 1.570000e+00 3.515923e-01 4.866825e-01 9.700000e-01 1.575000e+00 3.524620e-01 4.880816e-01
9.750000e-01 1.570000e+00 3.515923e-01 4.866825e-01 9.850000e-01 1.570000e+00 3.543743e-01 4.911566e-01
9.900000e-01 1.565000e+00 3.535524e-01 4.898025e-01 9.850000e-01 1.570000e+00 3.543743e-01 4.911566e-01
3.200000e-01 1.575000e+00 2.717423e-01 2.635798e-01 3.250000e-01 1.580000e+00 2.728848e-01 2.693353e-01
3.250000e-01 1.580000e+00 2.728848e-01 2.693353e-01 3.350000e-01 1.580000e+00 2.732929e-01 2.712756e-01
3.350000e-01 1.580000e+00 2.732929e-01 2.712756e-01 3.450000e-01 1.580000e+00 2.737047e-01 2.732759e-01
3.450000e-01 1.580000e+00 2.737047e-01 2.732759e-01 3.500000e-01 1.585000e+00 2.749432e-01 2.790846e-01
9.450000e-01 1.580000e+00 3.480087e-01 4.806979e-01 9.400000e-01 1.585000e+00 3.489212e-01 4.822068e-01
9.450000e-01 1.580000e+00 3.480087e-01 4.806979e-01 9.550000e-01 1.580000e+00 3.506302e-01 4.851015e-01
9.550000e-01 1.580000e+00 3.506302e-01 4.851015e-01 9.650000e-01 1.580000e+00 3.533085e-01 4.895180e-01
9.700000e-01 1.575000e+00 3.524620e-01 4.880816e-01 9.650000e-01 1.580000e+00 3.533085e-01 4.895180e-01
3.500000e-01 1.585000e+00 2.749432e-01 2.790846e-01 3.550000e-01 1.590000e+00 2.761986e-01 2.848845e-01
3.550000e-01 1.590000e+00 2.761986e-01 2.848845e-01 3.650000e-01 1.590000e+00 2.766809e-01 2.869781e-01
3.650000e-01 1.590000e+00 2.766809e-01 2.869781e-01 3.750000e-01 1.590000e+00 2.771702e-01 2.891301e-01
3.750000e-01 1.590000e+00 2.771702e-01 2.891301e-01 3.850000e-01 1.590000e+00 2.776680e-01 2.913404e-01
3.850000e-01 1.590000e+00 2.776680e-01 2.913404e-01 3.900000e-01 1.595000e+00 2.790557e-01 2.972034e-01
9.150000e-01 1.590000e+00 3.448168e-01 4.750894e-01 9.100000e-01 1.595000e+00 3.457638e-01 4.767132e-01
9.150000e-01 1.590000e+00 3.448168e-01 4.750894e-01 9.250000e-01 1.590000e+00 3.472852e-01 4.794131e-01
9.250000e-01 1.590000e+00 3.472852e-01 4.794131e-01 9.350000e-01 1.590000e+00 3.498088e-01 4.837526e-01
9.400000e-01 1.585000e+00 3.489212e-01 4.822068e-01 9.350000e-01 1.590000e+00 3.498088e-01 4.837526e-01
3.900000e-01 1.595000e+00 2.790557e-01 2.972034e-01 3.950000e-01 1.600000e+00 2.804581e-01 3.030575e-01
3.950000e-01 1.600000e+00 2.804581e-01 3.030575e-01 4.050000e-01 1.600000e+00 2.810331e-01 3.053545e-01
4.050000e-01 1.600000e+00 2.810331e-01 3.053545e-01 4.150000e-01 1.600000e+00 2.816198e-01 3.077079e-01
4.150000e-01 1.600000e+00 2.816198e-01 3.077079e-01 4.250000e-01 1.600000e+00 2.822192e-01 3.101169e-01
4.250000e-01 1.600000e+00 2.822192e-01 3.101169e-01 4.300000e-01 1.605000e+00 2.837582e-01 3.160257e-01
8.850000e-01 1.600000e+00 3.419839e-01 4.698854e-01 8.800000e-01 1.605000e+00 3.429564e-01 4.716284e-01
8.850000e-01 1.600000e+00 3.419839e-01 4.698854e-01 8.950000e-01 1.600000e+00 3.443072e-01 4.741200e-01
8.950000e-01 1.600000e+00 3.443072e-01 4.741200e-01 9.050000e-01 1.600000e+00 3.466838e-01 4.783731e-01
9.100000e-01 1.595000e+00 3.457638e-01 4.767132e-01 9.050000e-01 1.600000e+00 3.466838e-01 4.783731e-01
4.300000e-01 1.605000e+00 2.837582e-01 3.160257e-01 4.350000e-01 1.610000e+00 2.853097e-01 3.219254e-01
4.350000e-01 1.610000e+00 2.853097e-01 3.219254e-01 4.450000e-01 1.610000e+00 2.859927e-01 3.244146e-01
4.450000e-01 1.610000e+00 2.859927e-01 3.244146e-01 4.550000e-01 1.610000e+00 2.866915e-01 3.269576e-01
4.550000e-01 1.610000e+00 2.866915e-01 3.269576e-01 4.650000e-01 1.610000e+00 2.874073e-01 3.295541e-01
4.650000e-01 1.610000e+00 2.874073e-01 3.295541e-01 4.750000e-01 1.610000e+00 2.881412e-01 3.322033e-01
4.750000e-01 1.610000e+00 2.881412e-01 3.322033e-01 4.800000e-01 1.615000e+00 2.898684e-01 3.381593e-01
8.450000e-01 1.610000e+00 3.373393e-01 4.609984e-01 8.400000e-01 1.615000e+00 3.383422e-01 4.628951e-01
8.450000e-01 1.610000e+00 3.373393e-01 4.609984e-01 8.550000e-01 1.610000e+00 3.394753e-01 4.651128e-01
8.550000e-01 1.610000e+00 3.394753e-01 4.651128e-01 8.650000e-01 1.610000e+00 3.416622e-01 4.692494e-01
8.650000e-01 1.610000e+00 3.416622e-01 4.692494e-01 8.750000e-01 1.610000e+00 3.439004e-01 4.734071e-01
8.800000e-01 1.605000e+00 3.429564e-01 4.716284e-01 8.750000e-01 1.610000e+00 3.439004e-01 4.734071e-01
4.800000e-01 1.615000e+00 2.898684e-01 3.381593e-01 4.850000e-01 1.620000e+00 2.916057e-01 3.441066e-01
4.850000e-01 1.620000e+00 2.916057e-01 3.441066e-01 4.950000e-01 1.620000e+00 2.924303e-01 3.468274e-01
4.950000e-01 1.620000e+00 2.924303e-01 3.468274e-01 5.050000e-01 1.620000e+00 2.932759e-01 3.495989e-01
5.050000e-01 1.620000e+00 2.932759e-01 3.495989e-01 5.150000e-01 1.620000e+00 2.941434e-01 3.524204e-01
5.150000e-01 1.620000e+00 2.941434e-01 3.524204e-01 5.250000e-01 1.620000e+00 2.950340e-01 3.552912e-01
5.250000e-01 1.620000e+00 2.950340e-01 3.552912e-01 5.350000e-01 1.620000e+00 2.959487e-01 3.582109e-01
5.350000e-01 1.620000e+00 2.959487e-01 3.582109e-01 5.400000e-01 1.625000e+00 2.979025e-01 3.642087e-01
7.950000e-01 1.620000e+00 3.313646e-01 4.488603e-01 7.900000e-01 1.625000e+00 3.323928e-01 4.509504e-01
7.950000e-01 1.620000e+00 3.313646e-01 4.488603e-01 8.050000e-01 1.620000e+00 3.332802e-01 4.528128e-01
8.050000e-01 1.620000e+00 3.332802e-01 4.528128e-01 8.150000e-01 1.620000e+00 3.352434e-01 4.567920e-01
8.150000e-01 1.620000e+00 3.352434e-01 4.567920e-01 8.250000e-01 1.620000e+00 3.372547e-01 4.607969e-01
8.250000e-01 1.620000e+00 3.372547e-01 4.607969e-01 8.350000e-01 1.620000e+00 3.393145e-01 4.648269e-01
8.400000e-01 1.615000e+00 3.383422e-01 4.628951e-01 8.350000e-01 1.620000e+00 3.393145e-01 4.648269e-01
5.400000e-01 1.625000e+00 2.979025e-01 3.642087e-01 5.450000e-01 1.630000e+00 2.998633e-01 3.701981e-01
5.450000e-01 1.630000e+00 2.998633e-01 3.701981e-01 5.550000e-01 1.630000e+00 3.008764e-01 3.731792e-01
5.550000e-01 1.630000e+00 3.008764e-01 3.731792e-01 5.650000e-01 1.630000e+00 3.019161e-01 3.762068e-01
5.650000e-01 1.630000e+00 3.019161e-01 3.762068e-01 5.750000e-01 1.630000e+00 3.029834e-01 3.792800e-01
5.750000e-01 1.630000e+00 3.029834e-01 3.792800e-01 5.850000e-01 1.630000e+00 3.040792e-01 3.823984e-01
5.850000e-01 1.630000e+00 3.040792e-01 3.823984e-01 5.950000e-01 1.630000e+00 3.052047e-01 3.855611e-01
5.950000e-01 1.630000e+00 3.052047e-01 3.855611e-01 6.050000e-01 1.630000e+00 3.063606e-01 3.887676e-01
6.050000e-01 1.630000e+00 3.063606e-01 3.887676e-01 6.150000e-01 1.630000e+00 3.075481e-01 3.920170e-01
6.150000e-01 1.630000e+00 3.075481e-01 3.920170e-01 6.250000e-01 1.630000e+00 3.087679e-01 3.953085e-01
6.250000e-01 1.630000e+00 3.087679e-01 3.953085e-01 6.350000e-01 1.630000e+00 3.100211e-01 3.986415e-01
6.350000e-01 1.630000e+00 3.100211e-01 3.986415e-01 6.450000e-01 1.630000e+00 3.113085e-01 4.020152e-01
6.450000e-01 1.630000e+00 3.113085e-01 4.020152e-01 6.550000e-01 1.630000e+00 3.126310e-01 4.054289e-01
6.550000e-01 1.630000e+00 3.126310e-01 4.054289e-01 6.650000e-01 1.630000e+00 3.139895e-01 4.088815e-01
6.650000e-01 1.630000e+00 3.139895e-01 4.088815e-01 6.750000e-01 1.630000e+00 3.153848e-01 4.123727e-01
6.750000e-01 1.630000e+00 3.153848e-01 4.123727e-01 6.850000e-01 1.630000e+00 3.168178e-01 4.159015e-01
6.850000e-01 1.630000e+00 3.168178e-01 4.159015e-01 6.950000e-01 1.630000e+00 3.182892e-01 4.194670e-01
6.950000e-01 1.630000e+00 3.182892e-01 4.194670e-01 7.050000e-01 1.630000e+00 3.198000e-01 4.230684e-01
7.050000e-01 1.630000e+00 3.198000e-01 4.230684e-01 7.150000e-01 1.630000e+00 3.213507e-01 4.267048e-01
7.150000e-01 1.630000e+00 3.213507e-01 4.267048e-01 7.250000e-01 1.630000e+00 3.229422e-01 4.303757e-01
7.250000e-01 1.630000e+00 3.229422e-01 4.303757e-01 7.350000e-01 1.630000e+00 3.245754e-01 4.340800e-01
7.350000e-01 1.630000e+00 3.245754e-01 4.340800e-01 7.450000e-01 1.630000e+00 3.262507e-01 4.378167e-01
7.450000e-01 1.630000e+00 3.262507e-01 4.378167e-01 7.550000e-01 1.630000e+00 3.279690e-01 4.415855e-01
7.550000e-01 1.630000e+00 3.279690e-01 4.415855e-01 7.650000e-01 1.630000e+00 3.297309e-01 4.453853e-01
7.650000e-01 1.630000e+00 3.297309e-01 4.453853e-01 7.750000e-01 1.630000e+00 3.315370e-01 4.492151e-01
7.750000e-01 1.630000e+00 3.315370e-01 4.492151e-01 7.850000e-01 1.630000e+00 3.333881e-01 4.530741e-01
7.900000e-01 1.625000e+00 3.323928e-01 4.509504e-01 7.850000e-01 1.630000e+00 3.333881e-01 4.530741e-01
1.216487e-02 8.600619e-03 -1.403955e+00 2.279377e-01 1.216487e-02 8.600619e-03 -1.400960e+00 1.425964e-01
1.216487e-02 8.600619e-03 -1.400960e+00 1.425964e-01 1.216487e-02 8.600619e-03 -1.391735e+00 5.498735e-02
1.216487e-02 8.600619e-03 -1.391735e+00 5.498735e-02 1.216487e-02 8.600619e-03 -1.375894e+00 -3.474654e-02
1.216487e-02 8.600619e-03 -1.375894e+00 -3.474654e-02 1.216487e-02 8.600619e-03 -1.353018e+00 -1.264124e-01
1.216487e-02 8.600619e-03 -1.353018e+00 -1.264124e-01 1.216487e-02 8.600619e-03 -1.322667e+00 -2.197488e-01
1.216487e-02 8.600619e-03 -1.322667e+00 -2.197488e-01 1.216487e-02 8.600619e-03 -1.284399e+00 -3.144034e-01
1.216487e-02 8.600619e-03 -1.284399e+00 -3.144034e-01 1.216487e-02 8.600619e-03 -1.237791e+00 -4.099069e-01
1.216487e-02 8.600619e-03 -1.237791e+00 -4.099069e-01 1.216487e-02 8.600619e-03 -1.182487e+00 -5.056456e-01
1.216487e-02 8.600619e-03 -1.182487e+00 -5.056456e-01 1.216487e-02 8.600619e-03 -1.118250e+00 -6.008374e-01
1.216487e-02 8.600619e-03 -1.118250e+00 -6.008374e-01 1.216487e-02 8.600619e-03 -1.045030e+00 -6.945182e-01
1.216487e-02 8.600619e-03 -1.045030e+00 -6.945182e-01 1.216487e-02 8.600619e-03 -9.630384e-01 -7.855505e-01
1.216487e-02 8.600619e-03 -9.630384e-01 -7.855505e-01 1.216487e-02 8.600619e-03 -8.728103e-01 -8.726628e-01
1.216487e-02 8.600619e-03 -8.728103e-01 -8.726628e-01 1.216487e-02 8.600619e-03 -7.752353e-01 -9.545273e-01
1.216487e-02 8.600619e-03 -7.752353e-01 -9.545273e-01 1.216487e-02 8.600619e-03 -6.715356e-01 -1.029868e+00
1.216487e-02 8.600619e-03 -6.715356e-01 -1.029868e+00 1.216487e-02 8.600619e-03 -5.631851e-01 -1.097580e+00
1.216487e-02 8.600619e-03 -5.631851e-01 -1.097580e+00 1.216487e-02 8.600619e-03 -4.517826e-01 -1.156828e+00
1.216487e-02 8.600619e-03 -4.517826e-01 -1.156828e+00 1.216487e-02 8.600619e-03 -3.389096e-01 -1.207102e+00
1.216487e-02 8.600619e-03 -3.389096e-01 -1.207102e+00 1.216487e-02 8.600619e-03 -2.260086e-01 -1.248217e+00
1.216487e-02 8.600619e-03 -2.260086e-01 -1.248217e+00 1.216487e-02 8.600619e-03 -1.143041e-01 -1.280273e+00
1.216487e-02 8.600619e-03 -1.143041e-01 -1.280273e+00 1.216487e-02 8.600619e-03 -4.771396e-03 -1.303580e+00
1.216487e-02 8.600619e-03 -4.771396e-03 -1.303580e+00 1.216487e-02 8.600619e-03 1.018561e-01 -1.318591e+00
1.216487e-02 8.600619e-03 1.018561e-01 -1.318591e+00 1.216487e-02 8.600619e-03 2.050562e-01 -1.325832e+00
1.216487e-02 8.600619e-03 2.050562e-01 -1.325832e+00 1.216487e-02 8.600619e-03 3.044780e-01 -1.325855e+00
1.216487e-02 8.600619e-03 3.044780e-01 -1.325855e+00 1.216487e-02 8.600619e-03 3.999009e-01 -1.319203e+00
1.216487e-02 8.600619e-03 3.999009e-01 -1.319203e+00 1.216487e-02 8.600619e-03 4.911992e-01 -1.306391e+00
1.216487e-02 8.600619e-03 4.911992e-01 -1.306391e+00 1.216487e-02 8.600619e-03 5.783127e-01 -1.287892e+00
1.216487e-02 8.600619e-03 5.783127e-01 -1.287892e+00 1.216487e-02 8.600619e-03 6.612243e-01 -1.264134e+00
1.216487e-02 8.600619e-03 6.612243e-01 -1.264134e+00 1.216487e-02 8.600619e-03 7.399428e-01 -1.235497e+00
1.216487e-02 8.600619e-03 7.399428e-01 -1.235497e+00 1.216487e-02 8.600619e-03 8.144905e-01 -1.202319e+00
1.216487e-02 8.600619e-03 8.144905e-01 -1.202319e+00 1.216487e-02 8.600619e-03 8.848938e-01 -1.164896e+00
1.216487e-02 8.600619e-03 8.848938e-01 -1.164896e+00 1.216487e-02 8.600619e-03 9.511774e-01 -1.123488e+00
1.216487e-02 8.600619e-03 9.511774e-01 -1.123488e+00 1.216487e-02 8.600619e-03 1.013359e+00 -1.078318e+00
1.216487e-02 8.600619e-03 1.013359e+00 -1.078318e+00 1.216487e-02 8.600619e-03 1.071446e+00 -1.029585e+00
1.216487e-02 8.600619e-03 1.071446e+00 -1.029585e+00 1.216487e-02 8.600619e-03 1.125432e+00 -9.774561e-01
1.216487e-02 8.600619e-03 1.125432e+00 -9.774561e-01 1.216487e-02 8.600619e-03 1.175297e+00 -9.220788e-01
1.216487e-02 8.600619e-03 1.175297e+00 -9.220788e-01 1.216487e-02 8.600619e-03 1.221003e+00 -8.635793e-01
1.216487e-02 8.600619e-03 1.221003e+00 -8.635793e-01 1.216487e-02 8.600619e-03 1.262494e+00 -8.020663e-01
1.216487e-02 8.600619e-03 1.262494e+00 -8.020663e-01 1.216487e-02 8.600619e-03 1.299692e+00 -7.376334e-01
1.216487e-02 8.600619e-03 1.299692e+00 -7.376334e-01 1.216487e-02 8.600619e-03 1.332499e+00 -6.703616e-01
1.216487e-02 8.600619e-03 1.332499e+00 -6.703616e-01 1.216487e-02 8.600619e-03 1.360791e+00 -6.003219e-01
1.216487e-02 8.600619e-03 1.360791e+00 -6.003219e-01 1.216487e-02 8.600619e-03 1.384421e+00 -5.275776e-01
1.216487e-02 8.600619e-03 1.384421e+00 -5.275776e-01 1.216487e-02 8.600619e-03 1.403210e+00 -4.521875e-01
1.216487e-02 8.600619e-03 1.403210e+00 -4.521875e-01 1.216487e-02 8.600619e-03 1.416950e+00 -3.742088e-01
1.216487e-02 8.600619e-03 1.416950e+00 -3.742088e-01 1.216487e-02 8.600619e-03 1.425400e+00 -2.937022e-01
1.216487e-02 8.600619e-03 1.425400e+00 -2.937022e-01 1.216487e-02 8.600619e-03 1.428285e+00 -2.107364e-01
1.216487e-02 8.600619e-03 1.428285e+00 -2.107364e-01 1.216487e-02 8.600619e-03 1.425290e+00 -1.253952e-01
1.216487e-02 8.600619e-03 1.425290e+00 -1.253952e-01 1.216487e-02 8.600619e-03 1.416065e+00 -3.778611e-02
1.216487e-02 8.600619e-03 1.416065e+00 -3.778611e-02 1.216487e-02 8.600619e-03 1.400223e+00 5.194778e-02
1.216487e-02 8.600619e-03 1.400223e+00 5.194778e-02 1.216487e-02 8.600619e-03 1.377347e+00 1.436136e-01
1.216487e-02 8.600619e-03 1.377347e+00 1.436136e-01 1.216487e-02 8.600619e-03 1.346997e+00 2.369500e-01
1.216487e-02 8.600619e-03 1.346997e+00 2.369500e-01 1.216487e-02 8.600619e-03 1.308729e+00 3.316046e-01
1.216487e-02 8.600619e-03 1.308729e+00 3.316046e-01 1.216487e-02 8.600619e-03 1.262121e+00 4.271081e-01
1.216487e-02 8.600619e-03 1.262121e+00 4.271081e-01 1.216487e-02 8.600619e-03 1.206817e+00 5.228469e-01
1.216487e-02 8.600619e-03 1.206817e+00 5.228469e-01 1.216487e-02 8.600619e-03 1.142580e+00 6.180386e-01
1.216487e-02 8.600619e-03 1.142580e+00 6.180386e-01 1.216487e-02 8.600619e-03 1.069360e+00 7.117195e-01
1.216487e-02 8.600619e-03 1.069360e+00 7.117195e-01 1.216487e-02 8.600619e-03 9.873681e-01 8.027518e-01
1.216487e-02 8.600619e-03 9.873681e-01 8.027518e-01 1.216487e-02 8.600619e-03 8.971400e-01 8.898641e-01
1.216487e-02 8.600619e-03 8.971400e-01 8.898641e-01 1.216487e-02 8.600619e-03 7.995650e-01 9.717285e-01
1.216487e-02 8.600619e-03 7.995650e-01 9.717285e-01 1.216487e-02 8.600619e-03 6.958653e-01 1.047069e+00
1.216487e-02 8.600619e-03 6.958653e-01 1.047069e+00 1.216487e-02 8.600619e-03 5.875149e-01 1.114781e+00
1.216487e-02 8.600619e-03 5.875149e-01 1.114781e+00 1.216487e-02 8.600619e-03 4.761124e-01 1.174029e+00
1.216487e-02 8.600619e-03 4.761124e-01 1.174029e+00 1.216487e-02 8.600619e-03 3.632394e-01 1.224303e+00
1.216487e-02 8.600619e-03 3.632394e-01 1.224303e+00 1.216487e-02 8.600619e-03 2.503384e-01 1.265418e+00
1.216487e-02 8.600619e-03 2.503384e-01 1.265418e+00 1.216487e-02 8.600619e-03 1.386338e-01 1.297474e+00
1.216487e-02 8.600619e-03 1.386338e-01 1.297474e+00 1.216487e-02 8.600619e-03 2.910114e-02 1.320782e+00
1.216487e-02 8.600619e-03 2.910114e-02 1.320782e+00 1.216487e-02 8.600619e-03 -7.752634e-02 1.335792e+00
1.216487e-02 8.600619e-03 -7.752634e-02 1.335792e+00 1.216487e-02 8.600619e-03 -1.807265e-01 1.343033e+00
1.216487e-02 8.600619e-03 -1.807265e-01 1.343033e+00 1.216487e-02 8.600619e-03 -2.801483e-01 1.343056e+00
1.216487e-02 8.600619e-03 -2.801483e-01 1.343056e+00 1.216487e-02 8.600619e-03 -3.755712e-01 1.336404e+00
1.216487e-02 8.600619e-03 -3.755712e-01 1.336404e+00 1.216487e-02 8.600619e-03 -4.668694e-01 1.323593e+00
1.216487e-02 8.600619e-03 -4.668694e-01 1.323593e+00 1.216487e-02 8.600619e-03 -5.539829e-01 1.305094e+00
1.216487e-02 8.600619e-03 -5.539829e-01 1.305094e+00 1.216487e-02 8.600619e-03 -6.368946e-01 1.281335e+00
1.216487e-02 8.600619e-03 -6.368946e-01 1.281335e+00 1.216487e-02 8.600619e-03 -7.156131e-01 1.252698e+00
1.216487e-02 8.600619e-03 -7.156131e-01 1.252698e+00 1.216487e-02 8.600619e-03 -7.901607e-01 1.219520e+00
1.216487e-02 8.600619e-03 -7.901607e-01 1.219520e+00 1.216487e-02 8.600619e-03 -8.605641e-01 1.182098e+00
1.216487e-02 8.600619e-03 -8.605641e-01 1.182098e+00 1.216487e-02 8.600619e-03 -9.268477e-01 1.140689e+00
1.216487e-02 8.600619e-03 -9.268477e-01 1.140689e+00 1.216487e-02 8.600619e-03 -9.890292e-01 1.095520e+00
1.216487e-02 8.600619e-03 -9.890292e-01 1.095520e+00 1.216487e-02 8.600619e-03 -1.047116e+00 1.046786e+00
1.216487e-02 8.600619e-03 -1.047116e+00 1.046786e+00 1.216487e-02 8.600619e-03 -1.101102e+00 9.946573e-01
1.216487e-02 8.600619e-03 -1.101102e+00 9.946573e-01 1.216487e-02 8.600619e-03 -1.150967e+00 9.392801e-01
1.216487e-02 8.600619e-03 -1.150967e+00 9.392801e-01 1.216487e-02 8.600619e-03 -1.196673e+00 8.807806e-01
1.216487e-02 8.600619e-03 -1.196673e+00 8.807806e-01 1.216487e-02 8.600619e-03 -1.238164e+00 8.192675e-01
1.216487e-02 8.600619e-03 -1.238164e+00 8.192675e-01 1.216487e-02 8.600619e-03 -1.275362e+00 7.548346e-01
1.216487e-02 8.600619e-03 -1.275362e+00 7.548346e-01 1.216487e-02 8.600619e-03 -1.308169e+00 6.875629e-01
1.216487e-02 8.600619e-03 -1.308169e+00 6.875629e-01 1.216487e-02 8.600619e-03 -1.336462e+00 6.175232e-01
1.216487e-02 8.600619e-03 -1.336462e+00 6.175232e-01 1.216487e-02 8.600619e-03 -1.360091e+00 5.447789e-01
1.216487e-02 8.600619e-03 -1.360091e+00 5.447789e-01 1.216487e-02 8.600619e-03 -1.378880e+00 4.693887e-01
1.216487e-02 8.600619e-03 -1.378880e+00 4.693887e-01 1.216487e-02 8.600619e-03 -1.392620e+00 3.914101e-01
1.216487e-02 8.600619e-03 -1.392620e+00 3.914101e-01 1.216487e-02 8.600619e-03 -1.401070e+00 3.109035e-01
1.216487e-02 8.600619e-03 -1.401070e+00 3.109035e-01 1.216487e-02 8.600619e-03 -1.403955e+00 2.279377e-01
